"Attribute__c","CDC_Ext_ID__c","CreatedById","CreatedDate","CurrencyIsoCode","Id","IsDeleted","LastActivityDate","LastModifiedById","LastModifiedDate","LastReferencedDate","LastViewedDate","Name","Num1__c","Num2__c","Num3__c","Num4__c","NumOpp1__c","NumOpp2__c","NumOpp3__c","NumOpp4__c","OwnerId","SystemModstamp","Text1__c","Text2__c","Text3__c","Text4__c","Text5__c","Text6__c","Text7__c","Text8__c","Text9__c","TextOpp1__c","TextOpp2__c","TextOpp3__c","TextOpp4__c","TextOpp5__c","TextOpp6__c","TextOpp7__c","TextOpp8__c","TextOpp9__c"
"OB710","","0050v000003a4XQAAY","2020-08-03T11:57:22.000Z","USD","a7w0v0000000deDAAQ","false","","0050v000003iwNrAAI","2020-10-02T14:25:25.000Z","","","a5X8A000000AxtD","","","","","","","","","0050v000003a4XQAAY","2020-10-02T14:25:25.000Z","GPAINT","","","","","","","","","=","","","","","","","",""
"PLANNER","","0050v000003a4XQAAY","2020-08-03T11:57:22.000Z","USD","a7w0v0000000de9AAA","false","","0050v000003iwNrAAI","2020-10-02T14:25:25.000Z","","","a5X8A000000Axtb","","","","","","","","","0050v000003a4XQAAY","2020-10-02T14:25:25.000Z","ASYTYP","","","","","","","","","=","","","","","","","",""
"OB470","","0050v000003a4XQAAY","2020-08-03T11:57:22.000Z","USD","a7w0v0000000deAAAQ","false","","0050v000003iwNrAAI","2020-10-02T14:25:25.000Z","","","a5X8A000000Axsn","","","","","","","","","0050v000003a4XQAAY","2020-10-02T14:25:25.000Z","","","","","","","","","","","","","","","","","",""
"VacPilotLeakLowFact","","0050v000003a4XQAAY","2020-08-03T11:57:22.000Z","USD","a7w0v0000000deBAAQ","false","","0050v000003iwNrAAI","2020-10-02T14:25:25.000Z","","","a5X8A000000Axu0","","","","","","","","","0050v000003a4XQAAY","2020-10-02T14:25:25.000Z","ASYTYP","","","","","","","","","=","","","","","","","",""
"HSNSACCODE","","0050v000003a4XQAAY","2020-08-03T11:57:22.000Z","USD","a7w0v0000000deCAAQ","false","","0050v000003iwNrAAI","2020-10-02T14:25:25.000Z","","","a5X8A000000AxsH","","","","","","","","","0050v000003a4XQAAY","2020-10-02T14:25:25.000Z","ASYTYP","","","","","","","","","=","","","","","","","",""
"OA06","","0050v000003a4XQAAY","2020-08-03T11:57:22.000Z","USD","a7w0v0000000deEAAQ","false","","0050v000003iwNrAAI","2020-10-02T14:25:25.000Z","","","a5X8A000000AxsP","","","","","","","","","0050v000003a4XQAAY","2020-10-02T14:25:25.000Z","PTC","","","","","","","","","=","","","","","","","",""
"GTAG14","","0050v000003a4XQAAY","2020-08-03T11:57:22.000Z","USD","a7w0v0000000deFAAQ","false","","0050v000003iwNrAAI","2020-10-02T14:25:25.000Z","","","a5X8A000000Axs8","","","","","","","","","0050v000003a4XQAAY","2020-10-02T14:25:25.000Z","FASubModel","ATEX","","","","","","","","=","=","","","","","","",""
"OB560","","0050v000003a4XQAAY","2020-08-03T11:57:22.000Z","USD","a7w0v0000000deGAAQ","false","","0050v000003iwNrAAI","2020-10-02T14:25:25.000Z","","","a5X8A000000Axsy","","","","","","","","","0050v000003a4XQAAY","2020-10-02T14:25:25.000Z","LDP","","","","","","","","","=","","","","","","","",""
"OB530","","0050v000003a4XQAAY","2020-08-03T11:57:22.000Z","USD","a7w0v0000000deHAAQ","false","","0050v000003iwNrAAI","2020-10-02T14:25:25.000Z","","","a5X8A000000Axsv","","","","","","","","","0050v000003a4XQAAY","2020-10-02T14:25:25.000Z","PMI","","","","","","","","","=","","","","","","","",""
"VacValveLeakMinFact","","0050v000003a4XQAAY","2020-08-03T11:57:22.000Z","USD","a7w0v0000000deIAAQ","false","","0050v000003iwNrAAI","2020-10-02T14:25:25.000Z","","","a5X8A000000Axu8","","","","","","","","","0050v000003a4XQAAY","2020-10-02T14:25:25.000Z","ASYTYP","","","","","","","","","=","","","","","","","",""
"OW072","","0050v000003a4XQAAY","2020-08-03T11:57:22.000Z","USD","a7w0v0000000deJAAQ","false","","0050v000003iwNrAAI","2020-10-02T14:25:25.000Z","","","a5X8A000000AxtL","","","","","","","","","0050v000003a4XQAAY","2020-10-02T14:25:25.000Z","PED","","","","","","","","","=","","","","","","","",""
"WtPalletFiberglassPressureDesign","","0050v000003a4XQAAY","2020-08-03T11:57:22.000Z","USD","a7w0v0000000deKAAQ","false","","0050v000003iwNrAAI","2020-10-02T14:25:25.000Z","","","a5X8A000000AxuC","","","","","","","","","0050v000003a4XQAAY","2020-10-02T14:25:25.000Z","PTC","ConnectionOutlet","","","","","","","","=ORDASH","=ORDASH","","","","","","",""
"PosStaticPresMinFact","","0050v000003a4XQAAY","2020-08-03T11:57:22.000Z","USD","a7w0v0000000deLAAQ","false","","0050v000003iwNrAAI","2020-10-02T14:25:25.000Z","","","a5X8A000000Axtm","","","","","","","","","0050v000003a4XQAAY","2020-10-02T14:25:25.000Z","ASYTYP","BODYDESIGN","","","","","","","","=","=ORDASH","","","","","","",""
"OB140","","0050v000003a4XQAAY","2020-08-03T11:57:22.000Z","USD","a7w0v0000000deMAAQ","false","","0050v000003iwNrAAI","2020-10-02T14:25:25.000Z","","","a5X8A000000Axsc","","","","","","","","","0050v000003a4XQAAY","2020-10-02T14:25:25.000Z","GPACT","","","","","","","","","=","","","","","","","",""
"ASSEMBLYWT","","0050v000003a4XQAAY","2020-08-03T11:57:22.000Z","USD","a7w0v0000000deNAAQ","false","","0050v000003iwNrAAI","2020-10-02T14:25:25.000Z","","","a5X8A000000Axrj","","","","","","","","","0050v000003a4XQAAY","2020-10-02T14:25:25.000Z","","","","","","","","","","","","","","","","","",""
"GMODELGPTYPE","","0050v000003a4XQAAY","2020-08-03T11:57:22.000Z","USD","a7w0v0000000deOAAQ","false","","0050v000003iwNrAAI","2020-10-02T14:25:25.000Z","","","a5X8A000000Axrz","","","","","","","","","0050v000003a4XQAAY","2020-10-02T14:25:25.000Z","GPTYPE","","","","","","","","","=","","","","","","","",""
"OB630","","0050v000003a4XQAAY","2020-08-03T11:57:22.000Z","USD","a7w0v0000000dePAAQ","false","","0050v000003iwNrAAI","2020-10-02T14:25:25.000Z","","","a5X8A000000Axt4","","","","","","","","","0050v000003a4XQAAY","2020-10-02T14:25:25.000Z","MAGPARTEXAM","","","","","","","","","=","","","","","","","",""
"COMPLOTTRACK","","0050v000003a4XQAAY","2020-08-03T11:57:22.000Z","USD","a7w0v0000000deQAAQ","false","","0050v000003iwNrAAI","2020-10-02T14:25:25.000Z","","","a5X8A000000Axrr","","","","","","","","","0050v000003a4XQAAY","2020-10-02T14:25:25.000Z","","","","","","","","","","","","","","","","","",""
"PC020","","0050v000003a4XQAAY","2020-08-03T11:57:22.000Z","USD","a7w0v0000000deRAAQ","false","","0050v000003iwNrAAI","2020-10-02T14:25:25.000Z","","","a5X8A000000AxtT","","","","","","","","","0050v000003a4XQAAY","2020-10-02T14:25:25.000Z","ATEX","","","","","","","","","=","","","","","","","",""
"PC080","","0050v000003a4XQAAY","2020-08-03T11:57:22.000Z","USD","a7w0v0000000deSAAQ","false","","0050v000003iwNrAAI","2020-10-02T14:25:25.000Z","","","a5X8A000000AxtZ","","","","","","","","","0050v000003a4XQAAY","2020-10-02T14:25:25.000Z","CUTR","","","","","","","","","=","","","","","","","",""
"SERIALTRACKCODE","","0050v000003a4XQAAY","2020-08-03T11:57:22.000Z","USD","a7w0v0000000deTAAQ","false","","0050v000003iwNrAAI","2020-10-02T14:25:25.000Z","","","a5X8A000000Axtu","","","","","","","","","0050v000003a4XQAAY","2020-10-02T14:25:25.000Z","","","","","","","","","","","","","","","","","",""
"OB240","","0050v000003a4XQAAY","2020-08-03T11:57:22.000Z","USD","a7w0v0000000deUAAQ","false","","0050v000003iwNrAAI","2020-10-02T14:25:25.000Z","","","a5X8A000000Axsk","","","","","","","","","0050v000003a4XQAAY","2020-10-02T14:25:25.000Z","VPRTOP","","","","","","","","","=","","","","","","","",""
"SOURCINGOPT","","0050v000003a4XQAAY","2020-08-03T11:57:22.000Z","USD","a7w0v0000000deVAAQ","false","","0050v000003iwNrAAI","2020-10-02T14:25:25.000Z","","","a5X8A000000Axtx","","","","","","","","","0050v000003a4XQAAY","2020-10-02T14:25:25.000Z","","","","","","","","","","","","","","","","","",""
"OB690","","0050v000003a4XQAAY","2020-08-03T11:57:22.000Z","USD","a7w0v0000000deWAAQ","false","","0050v000003iwNrAAI","2020-10-02T14:25:25.000Z","","","a5X8A000000AxtA","","","","","","","","","0050v000003a4XQAAY","2020-10-02T14:25:25.000Z","IGCEXAM","","","","","","","","","=","","","","","","","",""
"OA03","","0050v000003a4XQAAY","2020-08-03T11:57:22.000Z","USD","a7w0v0000000deXAAQ","false","","0050v000003iwNrAAI","2020-10-02T14:25:25.000Z","","","a5X8A000000AxsM","","","","","","","","","0050v000003a4XQAAY","2020-10-02T14:25:25.000Z","PTC","","","","","","","","","=","","","","","","","",""
"PosDomePresMaxFact","","0050v000003a4XQAAY","2020-08-03T11:57:22.000Z","USD","a7w0v0000000deYAAQ","false","","0050v000003iwNrAAI","2020-10-02T14:25:25.000Z","","","a5X8A000000Axte","","","","","","","","","0050v000003a4XQAAY","2020-10-02T14:25:25.000Z","ASYTYP","BODYDESIGN","","","","","","","","=","=","","","","","","",""
"GMODELOpt1","","0050v000003a4XQAAY","2020-08-03T11:57:22.000Z","USD","a7w0v0000000deZAAQ","false","","0050v000003iwNrAAI","2020-10-02T14:25:25.000Z","","","a5X8A000000Axs0","","","","","","","","","0050v000003a4XQAAY","2020-10-02T14:25:25.000Z","PilotSplyFilter","","","","","","","","","=","","","","","","","",""
"OB520","","0050v000003a4XQAAY","2020-08-03T11:57:22.000Z","USD","a7w0v0000000deaAAA","false","","0050v000003iwNrAAI","2020-10-02T14:25:25.000Z","","","a5X8A000000Axss","","","","","","","","","0050v000003a4XQAAY","2020-10-02T14:25:25.000Z","XRAY","","","","","","","","","=","","","","","","","",""
"VacStaticPresMaxFact","","0050v000003a4XQAAY","2020-08-03T11:57:22.000Z","USD","a7w0v0000000debAAA","false","","0050v000003iwNrAAI","2020-10-02T14:25:25.000Z","","","a5X8A000000Axu5","","","","","","","","","0050v000003a4XQAAY","2020-10-02T14:25:25.000Z","ASYTYP","BODYDESIGN","","","","","","","","=","=ORDASH","","","","","","",""
"OB080","","0050v000003a4XQAAY","2020-08-03T11:57:22.000Z","USD","a7w0v0000000decAAA","false","","0050v000003iwNrAAI","2020-10-02T14:25:25.000Z","","","a5X8A000000AxsX","","","","","","","","","0050v000003a4XQAAY","2020-10-02T14:25:25.000Z","MCDPHM","","","","","","","","","=","","","","","","","",""
"OB050","","0050v000003a4XQAAY","2020-08-03T11:57:22.000Z","USD","a7w0v0000000dedAAA","false","","0050v000003iwNrAAI","2020-10-02T14:25:25.000Z","","","a5X8A000000AxsU","","","","","","","","","0050v000003a4XQAAY","2020-10-02T14:25:25.000Z","GPTYPE","","","","","","","","","=","","","","","","","",""
"GTAG04","","0050v000003a4XQAAY","2020-08-03T11:57:22.000Z","USD","a7w0v0000000deeAAA","false","","0050v000003iwNrAAI","2020-10-02T14:25:25.000Z","","","a5X8A000000Axs5","","","","","","","","","0050v000003a4XQAAY","2020-10-02T14:25:25.000Z","FASubModel","","","","","","","","","=","","","","","","","",""
"OW060","","0050v000003a4XQAAY","2020-08-03T11:57:22.000Z","USD","a7w0v0000000defAAA","false","","0050v000003iwNrAAI","2020-10-02T14:25:25.000Z","","","a5X8A000000AxtI","","","","","","","","","0050v000003a4XQAAY","2020-10-02T14:25:25.000Z","ATEX","","","","","","","","","=","","","","","","","",""
"WtVacPalletFiberglassType","","0050v000003a4XQAAY","2020-08-03T11:57:22.000Z","USD","a7w0v0000000degAAA","false","","0050v000003iwNrAAI","2020-10-02T14:25:25.000Z","","","a5X8A000000AxuF","","","","","","","","","0050v000003a4XQAAY","2020-10-02T14:25:25.000Z","PTC","VacPalletDesign","","","","","","","","=ORDASH","=ORDASH","","","","","","",""
"GTAG22","","0050v000003a4XQAAY","2020-08-03T11:57:22.000Z","USD","a7w0v0000000dehAAA","false","","0050v000003iwNrAAI","2020-10-02T14:25:25.000Z","","","a5X8A000000AxsE","","","","","","","","","0050v000003a4XQAAY","2020-10-02T14:25:25.000Z","UOMSystem","","","","","","","","","=","","","","","","","",""
"OB590","","0050v000003a4XQAAY","2020-08-03T11:57:22.000Z","USD","a7w0v0000000deiAAA","false","","0050v000003iwNrAAI","2020-10-02T14:25:25.000Z","","","a5X8A000000Axt1","","","","","","","","","0050v000003a4XQAAY","2020-10-02T14:25:25.000Z","USONICEXAM","","","","","","","","","=","","","","","","","",""
"PosPilotSetMaxFact","","0050v000003a4XQAAY","2020-08-03T11:57:22.000Z","USD","a7w0v0000000dejAAA","false","","0050v000003iwNrAAI","2020-10-02T14:25:25.000Z","","","a5X8A000000Axth","","","","","","","","","0050v000003a4XQAAY","2020-10-02T14:25:25.000Z","ASYTYP","","","","","","","","","=","","","","","","","",""
"BodyMAWPpsig","","0050v000003a4XQAAY","2020-08-03T11:57:22.000Z","USD","a7w0v0000000dekAAA","false","","0050v000003iwNrAAI","2020-10-02T14:25:25.000Z","","","a5X8A000000Axro","","","","","","","","","0050v000003a4XQAAY","2020-10-02T14:25:25.000Z","ValveSubModel","BODYDESIGN","","","","","","","","=","=","","","","","","",""
"OW920","","0050v000003a4XQAAY","2020-08-03T11:57:22.000Z","USD","a7w0v0000000delAAA","false","","0050v000003iwNrAAI","2020-10-02T14:25:25.000Z","","","a5X8A000000AxtQ","","","","","","","","","0050v000003a4XQAAY","2020-10-02T14:25:25.000Z","MATLSOURCE","","","","","","","","","=","","","","","","","",""
"PROVIDE","","0050v000003a4XQAAY","2020-08-03T11:57:22.000Z","USD","a7w0v0000000demAAA","false","","0050v000003iwNrAAI","2020-10-02T14:25:25.000Z","","","a5X8A000000Axtp","","","","","","","","","0050v000003a4XQAAY","2020-10-02T14:25:25.000Z","","","","","","","","","","","","","","","","","",""
"OB680","","0050v000003a4XQAAY","2020-08-03T11:57:22.000Z","USD","a7w0v0000000denAAA","false","","0050v000003iwNrAAI","2020-10-02T14:25:25.000Z","","","a5X8A000000Axt9","","","","","","","","","0050v000003a4XQAAY","2020-10-02T14:25:25.000Z","IGCEXAM","","","","","","","","","=","","","","","","","",""
"CUSTOMSTATNO","","0050v000003a4XQAAY","2020-08-03T11:57:22.000Z","USD","a7w0v0000000deoAAA","false","","0050v000003iwNrAAI","2020-10-02T14:25:25.000Z","","","a5X8A000000Axrw","","","","","","","","","0050v000003a4XQAAY","2020-10-02T14:25:25.000Z","","","","","","","","","","","","","","","","","",""
"OB245","","0050v000003a4XQAAY","2020-08-03T11:57:22.000Z","USD","a7w0v0000000depAAA","false","","0050v000003iwNrAAI","2020-10-02T14:25:25.000Z","","","a5X8A000000Axsl","","","","","","","","","0050v000003a4XQAAY","2020-10-02T14:25:25.000Z","PosFlow","","","","","","","","","=","","","","","","","",""
"OB695","","0050v000003a4XQAAY","2020-08-03T11:57:22.000Z","USD","a7w0v0000000deqAAA","false","","0050v000003iwNrAAI","2020-10-02T14:25:25.000Z","","","a5X8A000000AxtB","","","","","","","","","0050v000003a4XQAAY","2020-10-02T14:25:25.000Z","MCBODY","ATEXZONE","","","","","","","","=","=","","","","","","",""
"OA04","","0050v000003a4XQAAY","2020-08-03T11:57:22.000Z","USD","a7w0v0000000derAAA","false","","0050v000003iwNrAAI","2020-10-02T14:25:25.000Z","","","a5X8A000000AxsN","","","","","","","","","0050v000003a4XQAAY","2020-10-02T14:25:25.000Z","ConnectionOutlet","SZC","HCLASS","PED","ATEX","CUTR","GPFACE","","","=","=","=","=ORDASH","=ORDASH","=ORDASH","=","",""
"PNMODEL","","0050v000003a4XQAAY","2020-08-03T11:57:22.000Z","USD","a7w0v0000000desAAA","false","","0050v000003iwNrAAI","2020-10-02T14:25:25.000Z","","","a5X8A000000Axtd","","","","","","","","","0050v000003a4XQAAY","2020-10-02T14:25:25.000Z","PTC","","","","","","","","","=","","","","","","","",""
"OB525","","0050v000003a4XQAAY","2020-08-03T11:57:22.000Z","USD","a7w0v0000000detAAA","false","","0050v000003iwNrAAI","2020-10-02T14:25:25.000Z","","","a5X8A000000Axst","","","","","","","","","0050v000003a4XQAAY","2020-10-02T14:25:25.000Z","FWLDP","","","","","","","","","=","","","","","","","",""
"VacStaticPresMinFact","","0050v000003a4XQAAY","2020-08-03T11:57:22.000Z","USD","a7w0v0000000deuAAA","false","","0050v000003iwNrAAI","2020-10-02T14:25:25.000Z","","","a5X8A000000Axu6","","","","","","","","","0050v000003a4XQAAY","2020-10-02T14:25:25.000Z","ASYTYP","BODYDESIGN","","","","","","","","=","=ORDASH","","","","","","",""
"OB090","","0050v000003a4XQAAY","2020-08-03T11:57:22.000Z","USD","a7w0v0000000devAAA","false","","0050v000003iwNrAAI","2020-10-02T14:25:25.000Z","","","a5X8A000000AxsY","","","","","","","","","0050v000003a4XQAAY","2020-10-02T14:25:25.000Z","MCFAST","","","","","","","","","=","","","","","","","",""
"OB060","","0050v000003a4XQAAY","2020-08-03T11:57:22.000Z","USD","a7w0v0000000dewAAA","false","","0050v000003iwNrAAI","2020-10-02T14:25:25.000Z","","","a5X8A000000AxsV","","","","","","","","","0050v000003a4XQAAY","2020-10-02T14:25:25.000Z","MCPALL","","","","","","","","","=","","","","","","","",""
"GTAG05","","0050v000003a4XQAAY","2020-08-03T11:57:22.000Z","USD","a7w0v0000000dexAAA","false","","0050v000003iwNrAAI","2020-10-02T14:25:25.000Z","","","a5X8A000000Axs6","","","","","","","","","0050v000003a4XQAAY","2020-10-02T14:25:25.000Z","FASubModel","UOMSystem","","","","","","","","=","=","","","","","","",""
"PosValveLeakMinFact","","0050v000003a4XQAAY","2020-08-03T11:57:22.000Z","USD","a7w0v0000000deyAAA","false","","0050v000003iwNrAAI","2020-10-02T14:25:25.000Z","","","a5X8A000000Axto","","","","","","","","","0050v000003a4XQAAY","2020-10-02T14:25:25.000Z","ASYTYP","","","","","","","","","=","","","","","","","",""
"OB110","","0050v000003a4XQAAY","2020-08-03T11:57:22.000Z","USD","a7w0v0000000dezAAA","false","","0050v000003iwNrAAI","2020-10-02T14:25:25.000Z","","","a5X8A000000Axsa","","","","","","","","","0050v000003a4XQAAY","2020-10-02T14:25:25.000Z","MCWGHT","","","","","","","","","=","","","","","","","",""
"OW070","","0050v000003a4XQAAY","2020-08-03T11:57:22.000Z","USD","a7w0v0000000df0AAA","false","","0050v000003iwNrAAI","2020-10-02T14:25:25.000Z","","","a5X8A000000AxtJ","","","","","","","","","0050v000003a4XQAAY","2020-10-02T14:25:25.000Z","PED","","","","","","","","","=","","","","","","","",""
"WtPosPalletFiberglassMatlCode","","0050v000003a4XQAAY","2020-08-03T11:57:22.000Z","USD","a7w0v0000000df1AAA","false","","0050v000003iwNrAAI","2020-10-02T14:25:25.000Z","","","a5X8A000000AxuE","","","","","","","","","0050v000003a4XQAAY","2020-10-02T14:25:25.000Z","MCPALL","","","","","","","","","=","","","","","","","",""
"PARTCLASS","","0050v000003a4XQAAY","2020-08-03T11:57:22.000Z","USD","a7w0v0000000df2AAA","false","","0050v000003iwNrAAI","2020-10-02T14:25:25.000Z","","","a5X8A000000AxtR","","","","","","","","","0050v000003a4XQAAY","2020-10-02T14:25:25.000Z","","","","","","","","","","","","","","","","","",""
"GTAG23","","0050v000003a4XQAAY","2020-08-03T11:57:22.000Z","USD","a7w0v0000000df3AAA","false","","0050v000003iwNrAAI","2020-10-02T14:25:25.000Z","","","a5X8A000000AxsF","","","","","","","","","0050v000003a4XQAAY","2020-10-02T14:25:25.000Z","","","","","","","","","","","","","","","","","",""
"OB610","","0050v000003a4XQAAY","2020-08-03T11:57:22.000Z","USD","a7w0v0000000df4AAA","false","","0050v000003iwNrAAI","2020-10-02T14:25:25.000Z","","","a5X8A000000Axt2","","","","","","","","","0050v000003a4XQAAY","2020-10-02T14:25:25.000Z","MAGPARTEXAM","","","","","","","","","=","","","","","","","",""
"COMPDESCRIPTION","","0050v000003a4XQAAY","2020-08-03T11:57:22.000Z","USD","a7w0v0000000df5AAA","false","","0050v000003iwNrAAI","2020-10-02T14:25:25.000Z","","","a5X8A000000Axrp","","","","","","","","","0050v000003a4XQAAY","2020-10-02T14:25:25.000Z","","","","","","","","","","","","","","","","","",""
"SHLTSTACTPSIGMX","","0050v000003a4XQAAY","2020-08-03T11:57:22.000Z","USD","a7w0v0000000df6AAA","false","","0050v000003iwNrAAI","2020-10-02T14:25:25.000Z","","","a5X8A000000Axtw","","","","","","","","","0050v000003a4XQAAY","2020-10-02T14:25:25.000Z","ASYTYP","","","","","","","","","=","","","","","","","",""
"ESZC","","0050v000003a4XQAAY","2020-08-03T11:57:22.000Z","USD","a7w0v0000000df7AAA","false","","0050v000003iwNrAAI","2020-10-02T14:25:25.000Z","","","a5X8A000000Axrx","","","","","","","","","0050v000003a4XQAAY","2020-10-02T14:25:25.000Z","","","","","","","","","","","","","","","","","",""
"OB660","","0050v000003a4XQAAY","2020-08-03T11:57:22.000Z","USD","a7w0v0000000df8AAA","false","","0050v000003iwNrAAI","2020-10-02T14:25:25.000Z","","","a5X8A000000Axt7","","","","","","","","","0050v000003a4XQAAY","2020-10-02T14:25:25.000Z","CHARPYIMPEXAM","","","","","","","","","=","","","","","","","",""
"ConnectionOutlet","","0050v000003a4XQAAY","2020-08-03T11:57:22.000Z","USD","a7w0v0000000df9AAA","false","","0050v000003iwNrAAI","2020-10-02T14:25:25.000Z","","","a5X8A000000Axru","","","","","","","","","0050v000003a4XQAAY","2020-10-02T14:25:25.000Z","PTC","","","","","","","","","=","","","","","","","",""
"VacPilotLeakHighFact","","0050v000003a4XQAAY","2020-08-03T11:57:22.000Z","USD","a7w0v0000000dfAAAQ","false","","0050v000003iwNrAAI","2020-10-02T14:25:25.000Z","","","a5X8A000000Axtz","","","","","","","","","0050v000003a4XQAAY","2020-10-02T14:25:25.000Z","ASYTYP","","","","","","","","","=","","","","","","","",""
"OB210","","0050v000003a4XQAAY","2020-08-03T11:57:22.000Z","USD","a7w0v0000000dfBAAQ","false","","0050v000003iwNrAAI","2020-10-02T14:25:25.000Z","","","a5X8A000000Axsi","","","","","","","","","0050v000003a4XQAAY","2020-10-02T14:25:25.000Z","FieldTestConnect","","","","","","","","","=","","","","","","","",""
"PosPilotLeakLowFact","","0050v000003a4XQAAY","2020-08-03T11:57:22.000Z","USD","a7w0v0000000dfCAAQ","false","","0050v000003iwNrAAI","2020-10-02T14:25:25.000Z","","","a5X8A000000Axtg","","","","","","","","","0050v000003a4XQAAY","2020-10-02T14:25:25.000Z","ASYTYP","","","","","","","","","=","","","","","","","",""
"LOTTRACKCODE","","0050v000003a4XQAAY","2020-08-03T11:57:22.000Z","USD","a7w0v0000000dfDAAQ","false","","0050v000003iwNrAAI","2020-10-02T14:25:25.000Z","","","a5X8A000000AxsK","","","","","","","","","0050v000003a4XQAAY","2020-10-02T14:25:25.000Z","","","","","","","","","","","","","","","","","",""
"OB515","","0050v000003a4XQAAY","2020-08-03T11:57:22.000Z","USD","a7w0v0000000dfEAAQ","false","","0050v000003iwNrAAI","2020-10-02T14:25:25.000Z","","","a5X8A000000Axsq","","","","","","","","","0050v000003a4XQAAY","2020-10-02T14:25:25.000Z","XRAY","","","","","","","","","=","","","","","","","",""
"OB740","","0050v000003a4XQAAY","2020-08-03T11:57:22.000Z","USD","a7w0v0000000dfFAAQ","false","","0050v000003iwNrAAI","2020-10-02T14:25:25.000Z","","","a5X8A000000AxtG","","","","","","","","","0050v000003a4XQAAY","2020-10-02T14:25:25.000Z","GMTH21","","","","","","","","","=","","","","","","","",""
"VacSettingMaxFact","","0050v000003a4XQAAY","2020-08-03T11:57:22.000Z","USD","a7w0v0000000dfGAAQ","false","","0050v000003iwNrAAI","2020-10-02T14:25:25.000Z","","","a5X8A000000Axu3","","","","","","","","","0050v000003a4XQAAY","2020-10-02T14:25:25.000Z","","","","","","","","","","","","","","","","","",""
"OB030","","0050v000003a4XQAAY","2020-08-03T11:57:22.000Z","USD","a7w0v0000000dfHAAQ","false","","0050v000003iwNrAAI","2020-10-02T14:25:25.000Z","","","a5X8A000000AxsS","","","","","","","","","0050v000003a4XQAAY","2020-10-02T14:25:25.000Z","MCSTMJ","","","","","","","","","=","","","","","","","",""
"GMODELPTC","","0050v000003a4XQAAY","2020-08-03T11:57:22.000Z","USD","a7w0v0000000dfIAAQ","false","","0050v000003b7GtAAI","2020-10-12T19:26:56.000Z","","","a5X8A000000Axs3","","","","","","","","","0050v000003a4XQAAY","2020-10-12T19:26:56.000Z","Brand","PTC","","","","","","","","=","","","","","","","",""
"OW130","","0050v000003a4XQAAY","2020-08-03T11:57:22.000Z","USD","a7w0v0000000dfJAAQ","false","","0050v000003iwNrAAI","2020-10-02T14:25:25.000Z","","","a5X8A000000AxtO","","","","","","","","","0050v000003a4XQAAY","2020-10-02T14:25:25.000Z","CUTR","","","","","","","","","=","","","","","","","",""
"PosSettingMaxFact","","0050v000003a4XQAAY","2020-08-03T11:57:22.000Z","USD","a7w0v0000000dfKAAQ","false","","0050v000003iwNrAAI","2020-10-02T14:25:25.000Z","","","a5X8A000000Axtj","","","","","","","","","0050v000003a4XQAAY","2020-10-02T14:25:25.000Z","","","","","","","","","","","","","","","","","",""
"ATTRTEMPLATE","","0050v000003a4XQAAY","2020-08-03T11:57:22.000Z","USD","a7w0v0000000dfLAAQ","false","","0050v000003iwNrAAI","2020-10-02T14:25:25.000Z","","","a5X8A000000Axrm","","","","","","","","","0050v000003a4XQAAY","2020-10-02T14:25:25.000Z","PTC","","","","","","","","","=","","","","","","","",""
"OB180","","0050v000003a4XQAAY","2020-08-03T11:57:22.000Z","USD","a7w0v0000000dfMAAQ","false","","0050v000003iwNrAAI","2020-10-02T14:25:25.000Z","","","a5X8A000000Axsf","","","","","","","","","0050v000003a4XQAAY","2020-10-02T14:25:25.000Z","ManualBlowdown","","","","","","","","","=","","","","","","","",""
"GTAG19","","0050v000003a4XQAAY","2020-08-03T11:57:22.000Z","USD","a7w0v0000000dfNAAQ","false","","0050v000003iwNrAAI","2020-10-02T14:25:25.000Z","","","a5X8A000000AxsC","","","","","","","","","0050v000003a4XQAAY","2020-10-02T14:25:25.000Z","UOMSystem","","","","","","","","","=","","","","","","","",""
"RGEUNT","","0050v000003a4XQAAY","2020-08-03T11:57:22.000Z","USD","a7w0v0000000dfOAAQ","false","","0050v000003iwNrAAI","2020-10-02T14:25:25.000Z","","","a5X8A000000Axtr","PosSetPresOSIG","PosSetPresOSIG","","","<",">=","","","0050v000003a4XQAAY","2020-10-02T14:25:25.000Z","","","","","","","","","","","","","","","","","",""
"PC045","","0050v000003a4XQAAY","2020-08-03T11:57:22.000Z","USD","a7w0v0000000dfPAAQ","false","","0050v000003iwNrAAI","2020-10-02T14:25:25.000Z","","","a5X8A000000AxtW","","","","","","","","","0050v000003a4XQAAY","2020-10-02T14:25:25.000Z","PED","","","","","","","","","=","","","","","","","",""
"VacDomePresMaxFact","","0050v000003a4XQAAY","2020-08-03T11:57:22.000Z","USD","a7w0v0000000dfQAAQ","false","","0050v000003iwNrAAI","2020-10-02T14:25:25.000Z","","","a5X8A000000Axty","","","","","","","","","0050v000003a4XQAAY","2020-10-02T14:25:25.000Z","ASYTYP","BODYDESIGN","","","","","","","","=","=","","","","","","",""
"OA02","","0050v000003a4XQAAY","2020-08-03T11:57:22.000Z","USD","a7w0v0000000dfRAAQ","false","","0050v000003iwNrAAI","2020-10-02T14:25:25.000Z","","","a5X8A000000AxsL","","","","","","","","","0050v000003a4XQAAY","2020-10-02T14:25:25.000Z","Brand","PTC","","","","","","","","=","=","","","","","","",""
"OB220","","0050v000003a4XQAAY","2020-08-03T11:57:22.000Z","USD","a7w0v0000000dfSAAQ","false","","0050v000003iwNrAAI","2020-10-02T14:25:25.000Z","","","a5X8A000000Axsj","","","","","","","","","0050v000003a4XQAAY","2020-10-02T14:25:25.000Z","PilotSplyFilter","","","","","","","","","=","","","","","","","",""
"PosPilotLeakHighFact","","0050v000003a4XQAAY","2020-08-03T11:57:22.000Z","USD","a7w0v0000000dfTAAQ","false","","0050v000003iwNrAAI","2020-10-02T14:25:25.000Z","","","a5X8A000000Axtf","","","","","","","","","0050v000003a4XQAAY","2020-10-02T14:25:25.000Z","ASYTYP","BODYDESIGN","","","","","","","","=","=","","","","","","",""
"OB510","","0050v000003a4XQAAY","2020-08-03T11:57:22.000Z","USD","a7w0v0000000dfUAAQ","false","","0050v000003iwNrAAI","2020-10-02T14:25:25.000Z","","","a5X8A000000Axsr","","","","","","","","","0050v000003a4XQAAY","2020-10-02T14:25:25.000Z","XRAY","","","","","","","","","=","","","","","","","",""
"VacSettingMinFact","","0050v000003a4XQAAY","2020-08-03T11:57:22.000Z","USD","a7w0v0000000dfVAAQ","false","","0050v000003iwNrAAI","2020-10-02T14:25:25.000Z","","","a5X8A000000Axu4","","","","","","","","","0050v000003a4XQAAY","2020-10-02T14:25:25.000Z","","","","","","","","","","","","","","","","","",""
"OB070","","0050v000003a4XQAAY","2020-08-03T11:57:22.000Z","USD","a7w0v0000000dfWAAQ","false","","0050v000003iwNrAAI","2020-10-02T14:25:25.000Z","","","a5X8A000000AxsW","","","","","","","","","0050v000003a4XQAAY","2020-10-02T14:25:25.000Z","MCVPAL","","","","","","","","","=","","","","","","","",""
"OB040","","0050v000003a4XQAAY","2020-08-03T11:57:22.000Z","USD","a7w0v0000000dfXAAQ","false","","0050v000003iwNrAAI","2020-10-02T14:25:25.000Z","","","a5X8A000000AxsT","","","","","","","","","0050v000003a4XQAAY","2020-10-02T14:25:25.000Z","MCSEAT","","","","","","","","","=","","","","","","","",""
"GTAG01","","0050v000003a4XQAAY","2020-08-03T11:57:22.000Z","USD","a7w0v0000000dfYAAQ","false","","0050v000003iwNrAAI","2020-10-02T14:25:25.000Z","","","a5X8A000000Axs4","","","","","","","","","0050v000003a4XQAAY","2020-10-02T14:25:25.000Z","ConnectionOutlet","SZC","HCLASS","PED","ATEX","CUTR","","","","=","=","=","=ORDASH","=ORDASH","=ORDASH","","",""
"OW050","","0050v000003a4XQAAY","2020-08-03T11:57:22.000Z","USD","a7w0v0000000dfZAAQ","false","","0050v000003iwNrAAI","2020-10-02T14:25:25.000Z","","","a5X8A000000AxtH","","","","","","","","","0050v000003a4XQAAY","2020-10-02T14:25:25.000Z","ATEX","","","","","","","","","=","","","","","","","",""
"WtVacPalletFiberglassMatlCode","","0050v000003a4XQAAY","2020-08-03T11:57:22.000Z","USD","a7w0v0000000dfaAAA","false","","0050v000003iwNrAAI","2020-10-02T14:25:25.000Z","","","a5X8A000000AxuG","","","","","","","","","0050v000003a4XQAAY","2020-10-02T14:25:25.000Z","MCVPAL","","","","","","","","","=","","","","","","","",""
"PosPilotSetMinFact","","0050v000003a4XQAAY","2020-08-03T11:57:22.000Z","USD","a7w0v0000000dfbAAA","false","","0050v000003iwNrAAI","2020-10-02T14:25:25.000Z","","","a5X8A000000Axti","","","","","","","","","0050v000003a4XQAAY","2020-10-02T14:25:25.000Z","ASYTYP","","","","","","","","","=","","","","","","","",""
"GTAG21","","0050v000003a4XQAAY","2020-08-03T11:57:22.000Z","USD","a7w0v0000000dfcAAA","false","","0050v000003iwNrAAI","2020-10-02T14:25:25.000Z","","","a5X8A000000AxsD","","","","","","","","","0050v000003a4XQAAY","2020-10-02T14:25:25.000Z","UOMSystem","","","","","","","","","=","","","","","","","",""
"OB580","","0050v000003a4XQAAY","2020-08-03T11:57:22.000Z","USD","a7w0v0000000dfdAAA","false","","0050v000003iwNrAAI","2020-10-02T14:25:25.000Z","","","a5X8A000000Axt0","","","","","","","","","0050v000003a4XQAAY","2020-10-02T14:25:25.000Z","USONICEXAM","","","","","","","","","=","","","","","","","",""
"BODYDESIGN","","0050v000003a4XQAAY","2020-08-03T11:57:22.000Z","USD","a7w0v0000000dfeAAA","false","","0050v000003iwNrAAI","2020-10-02T14:25:25.000Z","","","a5X8A000000Axrn","EffMOP","EffMOP","PosSetPresOSIG","PosSetPresOSIG","<",">=","<",">=","0050v000003a4XQAAY","2020-10-02T14:25:25.000Z","ValveSubModel","","","","","","","","","=","","","","","","","",""
"OW910","","0050v000003a4XQAAY","2020-08-03T11:57:22.000Z","USD","a7w0v0000000dffAAA","false","","0050v000003iwNrAAI","2020-10-02T14:25:25.000Z","","","a5X8A000000AxtP","","","","","","","","","0050v000003a4XQAAY","2020-10-02T14:25:25.000Z","ASSYLOCATION","","","","","","","","","=","","","","","","","",""
"RESPONSIBLE_ID","","0050v000003a4XQAAY","2020-08-03T11:57:22.000Z","USD","a7w0v0000000dfgAAA","false","","0050v000003iwNrAAI","2020-10-02T14:25:25.000Z","","","a5X8A000000Axtq","","","","","","","","","0050v000003a4XQAAY","2020-10-02T14:25:25.000Z","","","","","","","","","","","","","","","","","",""
"OB670","","0050v000003a4XQAAY","2020-08-03T11:57:22.000Z","USD","a7w0v0000000dfhAAA","false","","0050v000003iwNrAAI","2020-10-02T14:25:25.000Z","","","a5X8A000000Axt8","","","","","","","","","0050v000003a4XQAAY","2020-10-02T14:25:25.000Z","VISCASTEXAM","","","","","","","","","=","","","","","","","",""
"CONSTBDYTST","","0050v000003a4XQAAY","2020-08-03T11:57:22.000Z","USD","a7w0v0000000dfiAAA","false","","0050v000003iwNrAAI","2020-10-02T14:25:25.000Z","","","a5X8A000000Axrv","ValveMAWPPSIG","ValveMAWPPSIG","","","<",">=","","","0050v000003a4XQAAY","2020-10-02T14:25:25.000Z","","","","","","","","","","","","","","","","","",""
"OB640","","0050v000003a4XQAAY","2020-08-03T11:57:22.000Z","USD","a7w0v0000000dfjAAA","false","","0050v000003iwNrAAI","2020-10-02T14:25:25.000Z","","","a5X8A000000Axt5","","","","","","","","","0050v000003a4XQAAY","2020-10-02T14:25:25.000Z","BRINHARDEXAM","","","","","","","","","=","","","","","","","",""
"PC081","","0050v000003a4XQAAY","2020-08-03T11:57:22.000Z","USD","a7w0v0000000dfkAAA","false","","0050v000003iwNrAAI","2020-10-02T14:25:25.000Z","","","a5X8A000000Axta","","","","","","","","","0050v000003a4XQAAY","2020-10-02T14:25:25.000Z","CUTR","","","","","","","","","=","","","","","","","",""
"COMPPROVIDE","","0050v000003a4XQAAY","2020-08-03T11:57:22.000Z","USD","a7w0v0000000dflAAA","false","","0050v000003iwNrAAI","2020-10-02T14:25:25.000Z","","","a5X8A000000Axrs","","","","","","","","","0050v000003a4XQAAY","2020-10-02T14:25:25.000Z","","","","","","","","","","","","","","","","","",""
"OB720","","0050v000003a4XQAAY","2020-08-03T11:57:22.000Z","USD","a7w0v0000000dfmAAA","false","","0050v000003iwNrAAI","2020-10-02T14:25:25.000Z","","","a5X8A000000AxtE","","","","","","","","","0050v000003a4XQAAY","2020-10-02T14:25:25.000Z","MCCOTB","","","","","","","","","=","","","","","","","",""
"IINO","","0050v000003a4XQAAY","2020-08-03T11:57:22.000Z","USD","a7w0v0000000dfnAAA","false","","0050v000003iwNrAAI","2020-10-02T14:25:25.000Z","","","a5X8A000000AxsI","","","","","","","","","0050v000003a4XQAAY","2020-10-02T14:25:25.000Z","BRAND","PTC","ATEX","CUTR","","","","","","=","=","=","=","","","","",""
"OB190","","0050v000003a4XQAAY","2020-08-03T11:57:22.000Z","USD","a7w0v0000000dfoAAA","false","","0050v000003iwNrAAI","2020-10-02T14:25:25.000Z","","","a5X8A000000Axsg","","","","","","","","","0050v000003a4XQAAY","2020-10-02T14:25:25.000Z","RemoteSense","","","","","","","","","=","","","","","","","",""
"OB010","","0050v000003a4XQAAY","2020-08-03T11:57:22.000Z","USD","a7w0v0000000dfpAAA","false","","0050v000003iwNrAAI","2020-10-02T14:25:25.000Z","","","a5X8A000000AxsQ","","","","","","","","","0050v000003a4XQAAY","2020-10-02T14:25:25.000Z","MCBODY","","","","","","","","","=","","","","","","","",""
"OB471","","0050v000003a4XQAAY","2020-08-03T11:57:22.000Z","USD","a7w0v0000000dfqAAA","false","","0050v000003iwNrAAI","2020-10-02T14:25:25.000Z","","","a5X8A000000Axso","","","","","","","","","0050v000003a4XQAAY","2020-10-02T14:25:25.000Z","UOMSystem","","","","","","","","","=","","","","","","","",""
"VacPilotSetMaxFact","","0050v000003a4XQAAY","2020-08-03T11:57:22.000Z","USD","a7w0v0000000dfrAAA","false","","0050v000003iwNrAAI","2020-10-02T14:25:25.000Z","","","a5X8A000000Axu1","","","","","","","","","0050v000003a4XQAAY","2020-10-02T14:25:25.000Z","ASYTYP","","","","","","","","","=","","","","","","","",""
"WtPalletFiberglassVacuumDesign","","0050v000003a4XQAAY","2020-08-03T11:57:22.000Z","USD","a7w0v0000000dfsAAA","false","","0050v000003iwNrAAI","2020-10-02T14:25:25.000Z","","","a5X8A000000B0i9","","","","","","","","","0050v000003a4XQAAY","2020-10-02T14:25:25.000Z","","","","","","","","","","","","","","","","","",""
"GTAG15","","0050v000003a4XQAAY","2020-08-03T11:57:22.000Z","USD","a7w0v0000000dftAAA","false","","0050v000003iwNrAAI","2020-10-02T14:25:25.000Z","","","a5X8A000000Axs9","","","","","","","","","0050v000003a4XQAAY","2020-10-02T14:25:25.000Z","FASubModel","ATEX","","","","","","","","=","=","","","","","","",""
"OB550","","0050v000003a4XQAAY","2020-08-03T11:57:22.000Z","USD","a7w0v0000000dfuAAA","false","","0050v000003iwNrAAI","2020-10-02T14:25:25.000Z","","","a5X8A000000Axsx","","","","","","","","","0050v000003a4XQAAY","2020-10-02T14:25:25.000Z","LDP","","","","","","","","","=","","","","","","","",""
"OW110","","0050v000003a4XQAAY","2020-08-03T11:57:22.000Z","USD","a7w0v0000000dfvAAA","false","","0050v000003iwNrAAI","2020-10-02T14:25:25.000Z","","","a5X8A000000AxtM","","","","","","","","","0050v000003a4XQAAY","2020-10-02T14:25:25.000Z","NACE","","","","","","","","","=","","","","","","","",""
"GTAG16","","0050v000003a4XQAAY","2020-08-03T11:57:22.000Z","USD","a7w0v0000000dfwAAA","false","","0050v000003iwNrAAI","2020-10-02T14:25:25.000Z","","","a5X8A000000AxsA","","","","","","","","","0050v000003a4XQAAY","2020-10-02T14:25:25.000Z","FASubModel","","","","","","","","","=","","","","","","","",""
"PosStaticPresMaxFact","","0050v000003a4XQAAY","2020-08-03T11:57:22.000Z","USD","a7w0v0000000dfxAAA","false","","0050v000003iwNrAAI","2020-10-02T14:25:25.000Z","","","a5X8A000000Axtl","","","","","","","","","0050v000003a4XQAAY","2020-10-02T14:25:25.000Z","ASYTYP","BODYDESIGN","","","","","","","","=","=ORDASH","","","","","","",""
"VGEUNT","","0050v000003a4XQAAY","2020-08-03T11:57:22.000Z","USD","a7w0v0000000dfyAAA","false","","0050v000003iwNrAAI","2020-10-02T14:25:25.000Z","","","a5X8A000000AxuB","VacSetPresOSIG","VacSetPresOSIG","","","<",">=","","","0050v000003a4XQAAY","2020-10-02T14:25:25.000Z","","","","","","","","","","","","","","","","","",""
"OB150","","0050v000003a4XQAAY","2020-08-03T11:57:22.000Z","USD","a7w0v0000000dfzAAA","false","","0050v000003iwNrAAI","2020-10-02T14:25:25.000Z","","","a5X8A000000Axsd","","","","","","","","","0050v000003a4XQAAY","2020-10-02T14:25:25.000Z","ASYTYP","","","","","","","","","=","","","","","","","",""
"GMODELOpt2","","0050v000003a4XQAAY","2020-08-03T11:57:22.000Z","USD","a7w0v0000000dg0AAA","false","","0050v000003iwNrAAI","2020-10-02T14:25:25.000Z","","","a5X8A000000Axs1","","","","","","","","","0050v000003a4XQAAY","2020-10-02T14:25:25.000Z","PilotExhstPiped","FieldTestConnect","","","","","","","","=","=","","","","","","",""
"ASSEMBLYWTUOM","","0050v000003a4XQAAY","2020-08-03T11:57:22.000Z","USD","a7w0v0000000dg1AAA","false","","0050v000003iwNrAAI","2020-10-02T14:25:25.000Z","","","a5X8A000000Axrk","","","","","","","","","0050v000003a4XQAAY","2020-10-02T14:25:25.000Z","","","","","","","","","","","","","","","","","",""
"PC025","","0050v000003a4XQAAY","2020-08-03T11:57:22.000Z","USD","a7w0v0000000dg2AAA","false","","0050v000003iwNrAAI","2020-10-02T14:25:25.000Z","","","a5X8A000000AxtU","","","","","","","","","0050v000003a4XQAAY","2020-10-02T14:25:25.000Z","ATEX","","","","","","","","","=","","","","","","","",""
"PC055","","0050v000003a4XQAAY","2020-08-03T11:57:22.000Z","USD","a7w0v0000000dg3AAA","false","","0050v000003iwNrAAI","2020-10-02T14:25:25.000Z","","","a5X8A000000AxtY","","","","","","","","","0050v000003a4XQAAY","2020-10-02T14:25:25.000Z","NACE","","","","","","","","","=","","","","","","","",""
"SALESPRICEGROUP","","0050v000003a4XQAAY","2020-08-03T11:57:22.000Z","USD","a7w0v0000000dg4AAA","false","","0050v000003iwNrAAI","2020-10-02T14:25:25.000Z","","","a5X8A000000Axtt","","","","","","","","","0050v000003a4XQAAY","2020-10-02T14:25:25.000Z","","","","","","","","","","","","","","","","","",""
"OB650","","0050v000003a4XQAAY","2020-08-03T11:57:22.000Z","USD","a7w0v0000000dg5AAA","false","","0050v000003iwNrAAI","2020-10-02T14:25:25.000Z","","","a5X8A000000Axt6","","","","","","","","","0050v000003a4XQAAY","2020-10-02T14:25:25.000Z","BRINHARDEXAM","","","","","","","","","=","","","","","","","",""
"COMPRESPONID","","0050v000003a4XQAAY","2020-08-03T11:57:22.000Z","USD","a7w0v0000000dg6AAA","false","","0050v000003iwNrAAI","2020-10-02T14:25:25.000Z","","","a5X8A000000Axrt","","","","","","","","","0050v000003a4XQAAY","2020-10-02T14:25:25.000Z","","","","","","","","","","","","","","","","","",""
"OB730","","0050v000003a4XQAAY","2020-08-03T11:57:22.000Z","USD","a7w0v0000000dg7AAA","false","","0050v000003iwNrAAI","2020-10-02T14:25:25.000Z","","","a5X8A000000AxtF","","","","","","","","","0050v000003a4XQAAY","2020-10-02T14:25:25.000Z","MCCOTP","","","","","","","","","=","","","","","","","",""
"INHOUSEPAINT","","0050v000003a4XQAAY","2020-08-03T11:57:22.000Z","USD","a7w0v0000000dg8AAA","false","","0050v000003iwNrAAI","2020-10-02T14:25:25.000Z","","","a5X8A000000AxsJ","","","","","","","","","0050v000003a4XQAAY","2020-10-02T14:25:25.000Z","MCBODY","ATEXZONE","GPAINT","","","","","","","=","=ORDASH","=ORDASH","","","","","",""
"OB200","","0050v000003a4XQAAY","2020-08-03T11:57:22.000Z","USD","a7w0v0000000dg9AAA","false","","0050v000003iwNrAAI","2020-10-02T14:25:25.000Z","","","a5X8A000000Axsh","","","","","","","","","0050v000003a4XQAAY","2020-10-02T14:25:25.000Z","PilotExhstPiped","","","","","","","","","=","","","","","","","",""
"OB490","","0050v000003a4XQAAY","2020-08-03T11:57:22.000Z","USD","a7w0v0000000dgAAAQ","false","","0050v000003iwNrAAI","2020-10-02T14:25:25.000Z","","","a5X8A000000Axsp","","","","","","","","","0050v000003a4XQAAY","2020-10-02T14:25:25.000Z","GOUTOP","","","","","","","","","=","","","","","","","",""
"VacPilotSetMinFact","","0050v000003a4XQAAY","2020-08-03T11:57:22.000Z","USD","a7w0v0000000dgBAAQ","false","","0050v000003iwNrAAI","2020-10-02T14:25:25.000Z","","","a5X8A000000Axu2","","","","","","","","","0050v000003a4XQAAY","2020-10-02T14:25:25.000Z","ASYTYP","","","","","","","","","=","","","","","","","",""
"OB020","","0050v000003a4XQAAY","2020-08-03T11:57:22.000Z","USD","a7w0v0000000dgCAAQ","false","","0050v000003iwNrAAI","2020-10-02T14:25:25.000Z","","","a5X8A000000AxsR","","","","","","","","","0050v000003a4XQAAY","2020-10-02T14:25:25.000Z","MCSTMJ","","","","","","","","","=","","","","","","","",""
"OB540","","0050v000003a4XQAAY","2020-08-03T11:57:22.000Z","USD","a7w0v0000000dgDAAQ","false","","0050v000003iwNrAAI","2020-10-02T14:25:25.000Z","","","a5X8A000000Axsw","","","","","","","","","0050v000003a4XQAAY","2020-10-02T14:25:25.000Z","PMI","","","","","","","","","=","","","","","","","",""
"ValveSubModel","","0050v000003a4XQAAY","2020-08-03T11:57:22.000Z","USD","a7w0v0000000dgEAAQ","false","","0050v000003iwNrAAI","2020-10-02T14:25:25.000Z","","","a5X8A000000Axu9","","","","","","","","","0050v000003a4XQAAY","2020-10-02T14:25:25.000Z","PTC","","","","","","","","","=","","","","","","","",""
"OW111","","0050v000003a4XQAAY","2020-08-03T11:57:22.000Z","USD","a7w0v0000000dgFAAQ","false","","0050v000003iwNrAAI","2020-10-02T14:25:25.000Z","","","a5X8A000000AxtN","","","","","","","","","0050v000003a4XQAAY","2020-10-02T14:25:25.000Z","NACE","","","","","","","","","=","","","","","","","",""
"GTAG17","","0050v000003a4XQAAY","2020-08-03T11:57:22.000Z","USD","a7w0v0000000dgGAAQ","false","","0050v000003iwNrAAI","2020-10-02T14:25:25.000Z","","","a5X8A000000AxsB","","","","","","","","","0050v000003a4XQAAY","2020-10-02T14:25:25.000Z","FASubModel","ATEX","","","","","","","","=","=","","","","","","",""
"PosSettingMinFact","","0050v000003a4XQAAY","2020-08-03T11:57:22.000Z","USD","a7w0v0000000dgHAAQ","false","","0050v000003iwNrAAI","2020-10-02T14:25:25.000Z","","","a5X8A000000Axtk","","","","","","","","","0050v000003a4XQAAY","2020-10-02T14:25:25.000Z","","","","","","","","","","","","","","","","","",""
"VENDORPAINT","","0050v000003a4XQAAY","2020-08-03T11:57:22.000Z","USD","a7w0v0000000dgIAAQ","false","","0050v000003iwNrAAI","2020-10-02T14:25:25.000Z","","","a5X8A000000AxuA","","","","","","","","","0050v000003a4XQAAY","2020-10-02T14:25:25.000Z","GPAINT","","","","","","","","","=","","","","","","","",""
"GMODELOpt3","","0050v000003a4XQAAY","2020-08-03T11:57:22.000Z","USD","a7w0v0000000dgJAAQ","false","","0050v000003iwNrAAI","2020-10-02T14:25:25.000Z","","","a5X8A000000Axs2","","","","","","","","","0050v000003a4XQAAY","2020-10-02T14:25:25.000Z","ManualBlowdown","RemoteSense","","","","","","","","=","=","","","","","","",""
"ASYTYP","","0050v000003a4XQAAY","2020-08-03T11:57:22.000Z","USD","a7w0v0000000dgKAAQ","false","","0050v000003iwNrAAI","2020-10-02T14:25:25.000Z","","","a5X8A000000Axrl","","","","","","","","","0050v000003a4XQAAY","2020-10-02T14:25:25.000Z","PTC","","","","","","","","","=","","","","","","","",""
"OB160","","0050v000003a4XQAAY","2020-08-03T11:57:22.000Z","USD","a7w0v0000000dgLAAQ","false","","0050v000003iwNrAAI","2020-10-02T14:25:25.000Z","","","a5X8A000000Axse","","","","","","","","","0050v000003a4XQAAY","2020-10-02T14:25:25.000Z","MCPSGD","","","","","","","","","=","","","","","","","",""
"SALESGROUP","","0050v000003a4XQAAY","2020-08-03T11:57:22.000Z","USD","a7w0v0000000dgMAAQ","false","","0050v000003iwNrAAI","2020-10-02T14:25:25.000Z","","","a5X8A000000Axts","","","","","","","","","0050v000003a4XQAAY","2020-10-02T14:25:25.000Z","","","","","","","","","","","","","","","","","",""
"PC040","","0050v000003a4XQAAY","2020-08-03T11:57:22.000Z","USD","a7w0v0000000dgNAAQ","false","","0050v000003iwNrAAI","2020-10-02T14:25:25.000Z","","","a5X8A000000AxtV","","","","","","","","","0050v000003a4XQAAY","2020-10-02T14:25:25.000Z","PED","","","","","","","","","=","","","","","","","",""
"PC050","","0050v000003a4XQAAY","2020-08-03T11:57:22.000Z","USD","a7w0v0000000dgOAAQ","false","","0050v000003iwNrAAI","2020-10-02T14:25:25.000Z","","","a5X8A000000AxtX","","","","","","","","","0050v000003a4XQAAY","2020-10-02T14:25:25.000Z","NACE","","","","","","","","","=","","","","","","","",""
"PNMCDPHM","","0050v000003a4XQAAY","2020-08-03T11:57:22.000Z","USD","a7w0v0000000dgPAAQ","false","","0050v000003iwNrAAI","2020-10-02T14:25:25.000Z","","","a5X8A000000Axtc","","","","","","","","","0050v000003a4XQAAY","2020-10-02T14:25:25.000Z","MCDPHM","","","","","","","","","=","","","","","","","",""
"OB365","","0050v000003a4XQAAY","2020-08-03T11:57:22.000Z","USD","a7w0v0000000dgQAAQ","false","","0050v000003iwNrAAI","2020-10-02T14:25:25.000Z","","","a5X8A000000Axsm","","","","","","","","","0050v000003a4XQAAY","2020-10-02T14:25:25.000Z","VacFlow","","","","","","","","","=","","","","","","","",""
"OB700","","0050v000003a4XQAAY","2020-08-03T11:57:22.000Z","USD","a7w0v0000000dgRAAQ","false","","0050v000003iwNrAAI","2020-10-02T14:25:25.000Z","","","a5X8A000000AxtC","","","","","","","","","0050v000003a4XQAAY","2020-10-02T14:25:25.000Z","GPAINT","","","","","","","","","=","","","","","","","",""
"GTAGPN","","0050v000003a4XQAAY","2020-08-03T11:57:22.000Z","USD","a7w0v0000000dgSAAQ","false","","0050v000003iwNrAAI","2020-10-02T14:25:25.000Z","","","a5X8A000000AxsG","","","","","","","","","0050v000003a4XQAAY","2020-10-02T14:25:25.000Z","BRAND","PTC","PED","ATEX","CUTR","","","","","=","=","=","=","=","","","",""
"OA05","","0050v000003a4XQAAY","2020-08-03T11:57:22.000Z","USD","a7w0v0000000dgTAAQ","false","","0050v000003iwNrAAI","2020-10-02T14:25:25.000Z","","","a5X8A000000AxsO","","","","","","","","","0050v000003a4XQAAY","2020-10-02T14:25:25.000Z","ConnectionOutlet","SZC","HCLASS","","","","","","","=ORDASH","=ORDASH","=","","","","","",""
"GTAG06","","0050v000003a4XQAAY","2020-08-03T11:57:22.000Z","USD","a7w0v0000000dgUAAQ","false","","0050v000003iwNrAAI","2020-10-02T14:25:25.000Z","","","a5X8A000000Axs7","","","","","","","","","0050v000003a4XQAAY","2020-10-02T14:25:25.000Z","FASubModel","UOMSystem","","","","","","","","=","=","","","","","","",""
"OB570","","0050v000003a4XQAAY","2020-08-03T11:57:22.000Z","USD","a7w0v0000000dgVAAQ","false","","0050v000003iwNrAAI","2020-10-02T14:25:25.000Z","","","a5X8A000000Axsz","","","","","","","","","0050v000003a4XQAAY","2020-10-02T14:25:25.000Z","LDP","","","","","","","","","=","","","","","","","",""
"OB100","","0050v000003a4XQAAY","2020-08-03T11:57:22.000Z","USD","a7w0v0000000dgWAAQ","false","","0050v000003iwNrAAI","2020-10-02T14:25:25.000Z","","","a5X8A000000AxsZ","","","","","","","","","0050v000003a4XQAAY","2020-10-02T14:25:25.000Z","MCELMT","","","","","","","","","=","","","","","","","",""
"OB527","","0050v000003a4XQAAY","2020-08-03T11:57:22.000Z","USD","a7w0v0000000dgXAAQ","false","","0050v000003iwNrAAI","2020-10-02T14:25:25.000Z","","","a5X8A000000Axsu","","","","","","","","","0050v000003a4XQAAY","2020-10-02T14:25:25.000Z","FWLDP","","","","","","","","","=","","","","","","","",""
"VacValveLeakMaxFact","","0050v000003a4XQAAY","2020-08-03T11:57:22.000Z","USD","a7w0v0000000dgYAAQ","false","","0050v000003iwNrAAI","2020-10-02T14:25:25.000Z","","","a5X8A000000Axu7","","","","","","","","","0050v000003a4XQAAY","2020-10-02T14:25:25.000Z","ASYTYP","","","","","","","","","=","","","","","","","",""
"WtPosPalletFiberglassType","","0050v000003a4XQAAY","2020-08-03T11:57:22.000Z","USD","a7w0v0000000dgZAAQ","false","","0050v000003iwNrAAI","2020-10-02T14:25:25.000Z","","","a5X8A000000AxuD","","","","","","","","","0050v000003a4XQAAY","2020-10-02T14:25:25.000Z","PTC","PosPalletDesign","","","","","","","","=ORDASH","=ORDASH","","","","","","",""
"OB130","","0050v000003a4XQAAY","2020-08-03T11:57:22.000Z","USD","a7w0v0000000dgaAAA","false","","0050v000003iwNrAAI","2020-10-02T14:25:25.000Z","","","a5X8A000000Axsb","","","","","","","","","0050v000003a4XQAAY","2020-10-02T14:25:25.000Z","MCSPRG","","","","","","","","","=","","","","","","","",""
"PosValveLeakMaxFact","","0050v000003a4XQAAY","2020-08-03T11:57:22.000Z","USD","a7w0v0000000dgbAAA","false","","0050v000003iwNrAAI","2020-10-02T14:25:25.000Z","","","a5X8A000000Axtn","","","","","","","","","0050v000003a4XQAAY","2020-10-02T14:25:25.000Z","ASYTYP","","","","","","","","","=","","","","","","","",""
"OW071","","0050v000003a4XQAAY","2020-08-03T11:57:22.000Z","USD","a7w0v0000000dgcAAA","false","","0050v000003iwNrAAI","2020-10-02T14:25:25.000Z","","","a5X8A000000AxtK","","","","","","","","","0050v000003a4XQAAY","2020-10-02T14:25:25.000Z","PED","","","","","","","","","=","","","","","","","",""
"PARTUOM","","0050v000003a4XQAAY","2020-08-03T11:57:22.000Z","USD","a7w0v0000000dgdAAA","false","","0050v000003iwNrAAI","2020-10-02T14:25:25.000Z","","","a5X8A000000AxtS","","","","","","","","","0050v000003a4XQAAY","2020-10-02T14:25:25.000Z","","","","","","","","","","","","","","","","","",""
"OB620","","0050v000003a4XQAAY","2020-08-03T11:57:22.000Z","USD","a7w0v0000000dgeAAA","false","","0050v000003iwNrAAI","2020-10-02T14:25:25.000Z","","","a5X8A000000Axt3","","","","","","","","","0050v000003a4XQAAY","2020-10-02T14:25:25.000Z","MAGPARTEXAM","","","","","","","","","=","","","","","","","",""
"COMPINVSERTRK","","0050v000003a4XQAAY","2020-08-03T11:57:22.000Z","USD","a7w0v0000000dgfAAA","false","","0050v000003iwNrAAI","2020-10-02T14:25:25.000Z","","","a5X8A000000Axrq","","","","","","","","","0050v000003a4XQAAY","2020-10-02T14:25:25.000Z","","","","","","","","","","","","","","","","","",""
"SHLTSTACTPSIG","","0050v000003a4XQAAY","2020-08-03T11:57:22.000Z","USD","a7w0v0000000dggAAA","false","","0050v000003iwNrAAI","2020-10-02T14:25:25.000Z","","","a5X8A000000Axtv","","","","","","","","","0050v000003a4XQAAY","2020-10-02T14:25:25.000Z","ASYTYP","","","","","","","","","=","","","","","","","",""
"FASubModel","","0050v000003a4XQAAY","2020-08-03T11:57:22.000Z","USD","a7w0v0000000dghAAA","false","","0050v000003iwNrAAI","2020-10-02T14:25:25.000Z","","","a5X8A000000Axry","","","","","","","","","0050v000003a4XQAAY","2020-10-02T14:25:25.000Z","PTC","","","","","","","","","=","","","","","","","",""
"PRDLIN","","0050v000003b7GtAAI","2020-09-14T20:10:01.000Z","USD","a7w0v0000000diAAAQ","false","","0050v000003iwNrAAI","2020-10-02T14:25:25.000Z","","","a7w0v0000000diA","","","","","","","","","0050v000003b7GtAAI","2020-10-02T14:25:25.000Z","Brand","PTC","","","","","","","","=","=","","","","","","",""
"OB502","","0050v000003b7GtAAI","2020-09-03T15:48:54.000Z","USD","a7w0v0000000dhcAAA","false","","0050v000003iwNrAAI","2020-10-02T14:25:25.000Z","","","a7w0v0000000dhc","","","","","","","","","0050v000003b7GtAAI","2020-10-02T14:25:25.000Z","SHLTSTMETHBDY","","","","","","","","","=","","","","","","","",""
"OB501","","0050v000003b7GtAAI","2020-09-03T15:47:23.000Z","USD","a7w0v0000000dhbAAA","false","","0050v000003iwNrAAI","2020-10-02T14:25:25.000Z","","","a7w0v0000000dhb","","","","","","","","","0050v000003b7GtAAI","2020-10-02T14:25:25.000Z","SHLTSTMETHBDY","","","","","","","","","=","","","","","","","",""
"OB500","","0050v000003b7GtAAI","2020-09-03T15:46:58.000Z","USD","a7w0v0000000dhWAAQ","false","","0050v000003iwNrAAI","2020-10-02T14:25:25.000Z","","","a7w0v0000000dhW","","","","","","","","","0050v000003b7GtAAI","2020-10-02T14:25:25.000Z","SHLTSTMETHBDY","","","","","","","","","=","","","","","","","",""
