"CDC_Ext_ID__c","CreatedById","CreatedDate","CurrencyIsoCode","Id","IsDeleted","ItemNo__c","LastActivityDate","LastModifiedById","LastModifiedDate","LastReferencedDate","LastViewedDate","Name","Num1__c","Num2__c","NumOpp1__c","NumOpp2__c","OwnerId","Structure_Element__c","SystemModstamp","Text1__c","Text2__c","Text3__c","Text4__c","Text5__c","Text6__c","Text7__c","Text8__c","Text9__c","Text10__c","Text11__c","Text12__c","Text13__c","Text14__c","Text15__c","Text16__c","Text17__c","Text18__c","Text19__c","Text20__c","Text21__c","TextOpp1__c","TextOpp2__c","TextOpp3__c","TextOpp4__c","TextOpp5__c","TextOpp6__c","TextOpp7__c","TextOpp8__c","TextOpp9__c","TextOpp10__c","TextOpp11__c","TextOpp12__c","TextOpp13__c","TextOpp14__c","TextOpp15__c","TextOpp16__c","TextOpp17__c","TextOpp18__c","TextOpp19__c","TextOpp20__c","TextOpp21__c"
"","0050v000003a4XQAAY","2020-09-23T02:15:56.000Z","USD","a880v0000000H09AAE","false","650","","0050v000003a4XQAAY","2020-09-23T02:15:56.000Z","","","a5J8A000000U5D1","","","","","0050v000003a4XQAAY","FlameBank","2020-09-23T02:15:56.000Z","FASubModel","SZC","MCBODY","MCELMT","","","","","","","","","","","","","","","","","","=","=","=","=","","","","","","","","","","","","","","","","",""
"","0050v000003a4XQAAY","2020-09-23T02:15:56.000Z","USD","a880v0000000H0AAAU","false","570","","0050v000003a4XQAAY","2020-09-23T02:15:56.000Z","","","a5J8A000000U04N","","","","","0050v000003a4XQAAY","SoftGoods1900","2020-09-23T02:15:56.000Z","ValveSubModel","MCPSGD","","","","","","","","","","","","","","","","","","","","=","=","","","","","","","","","","","","","","","","","","",""
"","0050v000003a4XQAAY","2020-09-23T02:15:56.000Z","USD","a880v0000000H0BAAU","false","495","","0050v000003a4XQAAY","2020-09-23T02:15:56.000Z","","","a5J8A000000U04B","","","","","0050v000003a4XQAAY","VacPOVPallet","2020-09-23T02:15:56.000Z","ValveSubModel","SZC","MCVPAL","NACE","VacPalletDesign","LDP","","","","","","USONICEXAM","","BRINHARDEXAM","CHARPYIMPEXAM","IGCEXAM","","","","","","=","=","=","=","=","=","","","","","","=","","=","=","=","","","","",""
"","0050v000003a4XQAAY","2020-09-23T02:15:56.000Z","USD","a880v0000000H0CAAU","false","465","","0050v000003a4XQAAY","2020-09-23T02:15:56.000Z","","","a5J8A000000U046","","","","","0050v000003a4XQAAY","VacActuatorHousing","2020-09-23T02:15:56.000Z","ValveSubModel","SZC","BODYDESIGN","NACE","FWLDP","","","","","","","USONICEXAM","","BRINHARDEXAM","","IGCEXAM","LDP","","","","","=","=","=","=","=","","","","","","","=","","=","","=","=","","","",""
"","0050v000003a4XQAAY","2020-09-23T02:15:56.000Z","USD","a880v0000000H0DAAU","false","525","","0050v000003a4XQAAY","2020-09-23T02:15:56.000Z","","","a5J8A000000U04F","VacSetPresOSIG","VacSetPresOSIG","<",">=","0050v000003a4XQAAY","VacPOVSpring","2020-09-23T02:15:56.000Z","ValveSubModel","NACE","","","","","","","","","","","","","","","","","","","","=","=","","","","","","","","","","","","","","","","","","",""
"","0050v000003a4XQAAY","2020-09-23T02:15:56.000Z","USD","a880v0000000H0EAAU","false","545","","0050v000003a4XQAAY","2020-09-23T02:15:56.000Z","","","a5J8A000000U04J","","","","","0050v000003a4XQAAY","VacPOVSwivelSeal","2020-09-23T02:15:56.000Z","ValveSubModel","SZC","MCDPHM","MCPSGD","","","","","","","","","","","","","","","","","","=","=","=","=","","","","","","","","","","","","","","","","",""
"","0050v000003a4XQAAY","2020-09-23T02:15:56.000Z","USD","a880v0000000H0FAAU","false","730","","0050v000003a4XQAAY","2020-09-23T02:15:56.000Z","","","a5J8A000000U5D9","","","","","0050v000003a4XQAAY","PlugOutletA","2020-09-23T02:15:56.000Z","MCBODY","GOUTOP","","","","","","","","","","","","","","","","","","","","=","=","","","","","","","","","","","","","","","","","","",""
"","0050v000003a4XQAAY","2020-09-23T02:15:56.000Z","USD","a880v0000000H0GAAU","false","445","","0050v000003a4XQAAY","2020-09-23T02:15:56.000Z","","","a5J8A000000U042","","","","","0050v000003a4XQAAY","VacERVPallet","2020-09-23T02:15:56.000Z","ValveSubModel","SZC","MCBODY","MCVPAL","NACE","VacPalletDesign","","","","","","USONICEXAM","","BRINHARDEXAM","","IGCEXAM","LDP","","","","","=","=","=","=","=","=","","","","","","=","","=","","=","=","","","",""
"","0050v000003a4XQAAY","2020-09-23T02:15:56.000Z","USD","a880v0000000H0HAAU","false","115","","0050v000003a4XQAAY","2020-09-23T02:15:56.000Z","","","a5J8A000000U03F","","","","","0050v000003a4XQAAY","VacuumPortFlange","2020-09-23T02:15:56.000Z","ValveSubModel","SZC","HCLASS","BODYDESIGN","MCBODY","GPFACE","NACE","","","","VPRTOP","USONICEXAM","MAGPARTEXAM","BRINHARDEXAM","CHARPYIMPEXAM","IGCEXAM","LDP","XRAY","","","","=","=","=","=","=","=","=","","","","=","=","=","=","=","=","=","=","","",""
"","0050v000003a4XQAAY","2020-09-23T02:15:56.000Z","USD","a880v0000000H0IAAU","false","250","","0050v000003a4XQAAY","2020-09-23T02:15:56.000Z","","","a5J8A000000U03Z","PosSetPresOSIG","PosSetPresOSIG","<",">=","0050v000003a4XQAAY","PosDiaphragm","2020-09-23T02:15:56.000Z","ValveSubModel","SZC","MCDPHM","","","","","","","","","","","","","","","","","","","=","=","=","","","","","","","","","","","","","","","","","",""
"","0050v000003a4XQAAY","2020-09-23T02:15:56.000Z","USD","a880v0000000H0JAAU","false","690","","0050v000003a4XQAAY","2020-09-23T02:15:56.000Z","","","a5J8A000000U5D5","","","","","0050v000003a4XQAAY","ThermowellModuleOutletA","2020-09-23T02:15:56.000Z","FASubModel","SZC","GOUTOP","","","","","","","","","","","","","","","","","","","=","=","=","","","","","","","","","","","","","","","","","",""
"","0050v000003a4XQAAY","2020-09-23T02:15:56.000Z","USD","a880v0000000H0KAAU","false","310","","0050v000003a4XQAAY","2020-09-23T02:15:56.000Z","","","a5J8A000000U03m","","","","","0050v000003a4XQAAY","FlangeHardware","2020-09-23T02:15:56.000Z","FASubModel","SZC","HCLASS","MCBODY","NACE","","","","","","","","","","","","","","","","","=","=","=","=","=","","","","","","","","","","","","","","","",""
"","0050v000003a4XQAAY","2020-09-23T02:15:56.000Z","USD","a880v0000000H0LAAU","false","225","","0050v000003a4XQAAY","2020-09-23T02:15:56.000Z","","","a5J8A000000U03V","VacSetPresOSIG","VacSetPresOSIG","<",">=","0050v000003a4XQAAY","VacSpring","2020-09-23T02:15:56.000Z","ValveSubModel","SZC","MCSPRG","NACE","","","","","","","","","","","","","","","","","","=","=","=","=","","","","","","","","","","","","","","","","",""
"","0050v000003a4XQAAY","2020-09-23T02:15:56.000Z","USD","a880v0000000H0MAAU","false","251","","0050v000003a4XQAAY","2020-09-23T02:15:56.000Z","","","a5J8A000000U03a","VacSetPresOSIG","VacSetPresOSIG","<",">=","0050v000003a4XQAAY","VacDiaphragm","2020-09-23T02:15:56.000Z","ValveSubModel","SZC","MCDPHM","","","","","","","","","","","","","","","","","","","=","=","=","","","","","","","","","","","","","","","","","",""
"","0050v000003a4XQAAY","2020-09-23T02:15:56.000Z","USD","a880v0000000H0NAAU","false","271","","0050v000003a4XQAAY","2020-09-23T02:15:56.000Z","","","a5J8A000000U03e","","","","","0050v000003a4XQAAY","VacPallet","2020-09-23T02:15:56.000Z","ValveSubModel","SZC","MCVPAL","VacPalletDesign","VacSpacer","NACE","","","","","","","","","","","","","","","","=","=","=","=","=","=","","","","","","","","","","","","","","",""
"","0050v000003a4XQAAY","2020-09-23T02:15:56.000Z","USD","a880v0000000H0OAAU","false","150","","0050v000003a4XQAAY","2020-09-23T02:15:56.000Z","","","a5J8A000000U03J","","","","","0050v000003a4XQAAY","PosCover","2020-09-23T02:15:56.000Z","ValveSubModel","SZC","","BODYDESIGN","MCBODY","GPFACE","NACE","","","","","USONICEXAM","MAGPARTEXAM","BRINHARDEXAM","CHARPYIMPEXAM","IGCEXAM","LDP","XRAY","","","","=","=","","=","=","=","=","","","","","=","=","=","=","=","=","=","","",""
"","0050v000003a4XQAAY","2020-09-23T02:15:56.000Z","USD","a880v0000000H0PAAU","false","300","","0050v000003a4XQAAY","2020-09-23T02:15:56.000Z","","","a5J8A000000U03i","","","","","0050v000003a4XQAAY","DrillAdapterInlet","2020-09-23T02:15:56.000Z","ValveSubModel","SZC","HCLASS","MCBODY","","NACE","","","","","","","","","","","","","","","","=","=","=","=","","=","","","","","","","","","","","","","","",""
"","0050v000003a4XQAAY","2020-09-23T02:15:56.000Z","USD","a880v0000000H0QAAU","false","175","","0050v000003a4XQAAY","2020-09-23T02:15:56.000Z","","","a5J8A000000U03N","","","","","0050v000003a4XQAAY","VacOringCover","2020-09-23T02:15:56.000Z","ValveSubModel","SZC","BODYDESIGN","MCDPHM","VacSpacer","","","","","","","","","","","","","","","","","=","=","=","=","=","","","","","","","","","","","","","","","",""
"","0050v000003a4XQAAY","2020-09-23T02:15:56.000Z","USD","a880v0000000H0RAAU","false","360","","0050v000003a4XQAAY","2020-09-23T02:15:56.000Z","","","a5J8A000000U03s","PosSetPresOSIG","PosSetPresOSIG","<",">=","0050v000003a4XQAAY","ERVHW","2020-09-23T02:15:56.000Z","ValveSubModel","SZC","NACE","","","","","","","","","","","BRINHARDEXAM","","IGCEXAM","","","","","","=","=","=","","","","","","","","","","","=","","=","","","","",""
"","0050v000003a4XQAAY","2020-09-23T02:15:56.000Z","USD","a880v0000000H0SAAU","false","540","","0050v000003a4XQAAY","2020-09-23T02:15:56.000Z","","","a5J8A000000U04I","","","","","0050v000003a4XQAAY","PosPOVSwivelSeal","2020-09-23T02:15:56.000Z","ValveSubModel","SZC","MCDPHM","MCPSGD","","","","","","","","","","","","","","","","","","=","=","=","=","","","","","","","","","","","","","","","","",""
"","0050v000003a4XQAAY","2020-09-23T02:15:56.000Z","USD","a880v0000000H0TAAU","false","190","","0050v000003a4XQAAY","2020-09-23T02:15:56.000Z","","","a5J8A000000U03Q","","","","","0050v000003a4XQAAY","OringERV","2020-09-23T02:15:56.000Z","ValveSubModel","SZC","ASYTYP","MCDPHM","","","","","","","","","","","","","","","","","","=","=","=","=","","","","","","","","","","","","","","","","",""
"","0050v000003a4XQAAY","2020-09-23T02:15:56.000Z","USD","a880v0000000H0UAAU","false","400","","0050v000003a4XQAAY","2020-09-23T02:15:56.000Z","","","a5J8A000000U03w","PosSetPresOSIG","","<","","0050v000003a4XQAAY","ERVWaterDam","2020-09-23T02:15:56.000Z","ValveSubModel","SZC","MCBODY","NACE","","","","","","","","","","","","","","","","","","=","=","=","=","","","","","","","","","","","","","","","","",""
"","0050v000003a4XQAAY","2020-09-23T02:15:56.000Z","USD","a880v0000000H0VAAU","false","480","","0050v000003a4XQAAY","2020-09-23T02:15:56.000Z","","","a5J8A000000U049","","","","","0050v000003a4XQAAY","POVHWValve","2020-09-23T02:15:56.000Z","ValveSubModel","SZC","MCBODY","NACE","","","","","","","","","","","","","","","","","","=","=","=","=","","","","","","","","","","","","","","","","",""
"","0050v000003a4XQAAY","2020-09-23T02:15:56.000Z","USD","a880v0000000H0WAAU","false","660","","0050v000003a4XQAAY","2020-09-23T02:15:56.000Z","","","a5J8A000000U5D2","","","","","0050v000003a4XQAAY","Hardware","2020-09-23T02:15:56.000Z","FASubModel","SZC","VendorPaint","","","","","","","","","","","","","","","","","","","=","=","=","","","","","","","","","","","","","","","","","",""
"","0050v000003a4XQAAY","2020-09-23T02:15:56.000Z","USD","a880v0000000H0XAAU","false","520","","0050v000003a4XQAAY","2020-09-23T02:15:56.000Z","","","a5J8A000000U04E","PosSetPresOSIG","PosSetPresOSIG","<",">=","0050v000003a4XQAAY","PosPOVSpring","2020-09-23T02:15:56.000Z","ValveSubModel","NACE","","","","","","","","","","","","","","","","","","","","=","=","","","","","","","","","","","","","","","","","","",""
"","0050v000003a4XQAAY","2020-09-23T02:15:56.000Z","USD","a880v0000000H0YAAU","false","620","","0050v000003a4XQAAY","2020-09-23T02:15:56.000Z","","","a5J8A000000U04Q","","","","","0050v000003a4XQAAY","VacProximitySensor","2020-09-23T02:15:56.000Z","ValveSubModel","","","","","","","","","","","","","","","","","","","","","=","","","","","","","","","","","","","","","","","","","",""
"","0050v000003a4XQAAY","2020-09-23T02:15:56.000Z","USD","a880v0000000H0ZAAU","false","560","","0050v000003a4XQAAY","2020-09-23T02:15:56.000Z","","","a5J8A000000U04M","","","","","0050v000003a4XQAAY","POVPlumbing","2020-09-23T02:15:56.000Z","ValveSubModel","SZC","BODYDESIGN","NACE","ManualBlowdown","RemoteSense","PilotExhstPiped","FieldTestConnect","PilotSplyFilter","","","","","","","","","","","","","=","=","=","=","=","=","=","=","=","","","","","","","","","","","",""
"","0050v000003a4XQAAY","2020-09-23T02:15:56.000Z","USD","a880v0000000H0aAAE","false","290","","0050v000003a4XQAAY","2020-09-23T02:15:56.000Z","","","a5J8A000000U03h","","","","","0050v000003a4XQAAY","VacPortOption","2020-09-23T02:15:56.000Z","ValveSubModel","SZC","BODYDESIGN","MCBODY","VPRTOP","NACE","","","","","","","","","","","","","","","","=","=","=","=","=","=","","","","","","","","","","","","","","",""
"","0050v000003a4XQAAY","2020-09-23T02:15:56.000Z","USD","a880v0000000H0bAAE","false","110","","0050v000003a4XQAAY","2020-09-23T02:15:56.000Z","","","a5J8A000000U03E","","","","","0050v000003a4XQAAY","Body","2020-09-23T02:15:56.000Z","ValveSubModel","SZC","HCLASS","BodyDesign","MCBODY","GPFACE","NACE","MCSEAT","MCSTMJ","RemoteSense","","USONICEXAM","MAGPARTEXAM","BRINHARDEXAM","CHARPYIMPEXAM","IGCEXAM","LDP","XRAY","","FWLDP","","=","=","=","=","=","=","=","=","=","=","","=","=","=","=","=","=","=","","=",""
"","0050v000003a4XQAAY","2020-09-23T02:15:56.000Z","USD","a880v0000000H0cAAE","false","460","","0050v000003a4XQAAY","2020-09-23T02:15:56.000Z","","","a5J8A000000U045","","","","","0050v000003a4XQAAY","PosActuatorHousing","2020-09-23T02:15:56.000Z","ValveSubModel","SZC","BODYDESIGN","NACE","FWLDP","","","","","","","USONICEXAM","","BRINHARDEXAM","","IGCEXAM","LDP","","","","","=","=","=","=","=","","","","","","","=","","=","","=","=","","","",""
"","0050v000003a4XQAAY","2020-09-23T02:15:56.000Z","USD","a880v0000000H0dAAE","false","240","","0050v000003a4XQAAY","2020-09-23T02:15:56.000Z","","","a5J8A000000U03Y","","","","","0050v000003a4XQAAY","Weatherhood","2020-09-23T02:15:56.000Z","ValveSubModel","SZC","MCBODY","MCFAST","MCSTMJ","VENDORPAINT","NACE","PosSpacer","","","","","","","","","","","","","","=","=","=","=","=","=","=","=","","","","","","","","","","","","",""
"","0050v000003a4XQAAY","2020-09-23T02:15:56.000Z","USD","a880v0000000H0eAAE","false","700","","0050v000003a4XQAAY","2020-09-23T02:15:56.000Z","","","a5J8A000000U5D6","","","","","0050v000003a4XQAAY","ThermocoupleModuleOutletA","2020-09-23T02:15:56.000Z","FASubModel","SZC","GOUTOP","","","","","","","","","","","","","","","","","","","=","=","=","","","","","","","","","","","","","","","","","",""
"","0050v000003a4XQAAY","2020-09-23T02:15:56.000Z","USD","a880v0000000H0fAAE","false","410","","0050v000003a4XQAAY","2020-09-23T02:15:56.000Z","","","a5J8A000000U03x","PosSetPresOSIG","PosSetPresOSIG","<",">=","0050v000003a4XQAAY","FBGRetainerPlate","2020-09-23T02:15:56.000Z","ValveSubModel","SZC","MCPALL","","","","","","","","","","","","","","","","","","","=","=","=","","","","","","","","","","","","","","","","","",""
"","0050v000003a4XQAAY","2020-09-23T02:15:56.000Z","USD","a880v0000000H0gAAE","false","220","","0050v000003a4XQAAY","2020-09-23T02:15:56.000Z","","","a5J8A000000U03U","PosSetPresOSIG","PosSetPresOSIG","<",">=","0050v000003a4XQAAY","PosSpring","2020-09-23T02:15:56.000Z","ValveSubModel","SZC","MCSPRG","NACE","","","","","","","","","","","","","","","","","","=","=","=","=","","","","","","","","","","","","","","","","",""
"","0050v000003a4XQAAY","2020-09-23T02:15:56.000Z","USD","a880v0000000H0hAAE","false","270","","0050v000003a4XQAAY","2020-09-23T02:15:56.000Z","","","a5J8A000000U03d","","","","","0050v000003a4XQAAY","PosPallet","2020-09-23T02:15:56.000Z","ValveSubModel","SZC","MCPALL","PosPalletDesign","PosSpacer","NACE","","","","","","","","","","","","","","","","=","=","=","=","=","=","","","","","","","","","","","","","","",""
"","0050v000003a4XQAAY","2020-09-23T02:15:56.000Z","USD","a880v0000000H0iAAE","false","340","","0050v000003a4XQAAY","2020-09-23T02:15:56.000Z","","","a5J8A000000U03p","","","","","0050v000003a4XQAAY","HWOutlet","2020-09-23T02:15:56.000Z","ValveSubModel","SZC","BodyDesign","MCFAST","INHOUSEPAINT","NACE","","","","","","","","","","","","","","","","=","=","=","=","=","=","","","","","","","","","","","","","","",""
"","0050v000003a4XQAAY","2020-09-23T02:15:56.000Z","USD","a880v0000000H0jAAE","false","140","","0050v000003a4XQAAY","2020-09-23T02:15:56.000Z","","","a5J8A000000U03I","","","","","0050v000003a4XQAAY","Outlet","2020-09-23T02:15:56.000Z","ValveSubModel","SZC","HCLASS","BODYDESIGN","MCBODY","GPFACE","NACE","MCSEAT","MCSTMJ","","PilotExhstPiped","USONICEXAM","MAGPARTEXAM","BRINHARDEXAM","CHARPYIMPEXAM","IGCEXAM","LDP","XRAY","","","","=","=","=","=","=","=","=","=","=","","=","=","=","=","=","=","=","=","","",""
"","0050v000003a4XQAAY","2020-09-23T02:15:56.000Z","USD","a880v0000000H0kAAE","false","306","","0050v000003a4XQAAY","2020-09-23T02:15:56.000Z","","","a5J8A000000U03l","","","","","0050v000003a4XQAAY","DrillAdapterOutletHW","2020-09-23T02:15:56.000Z","ValveSubModel","SZC","HCLASS","MCBODY","NACE","","","","","","","","","","","","","","","","","=","=","=","=","=","","","","","","","","","","","","","","","",""
"","0050v000003a4XQAAY","2020-09-23T02:15:56.000Z","USD","a880v0000000H0lAAE","false","170","","0050v000003a4XQAAY","2020-09-23T02:15:56.000Z","","","a5J8A000000U03M","","","","","0050v000003a4XQAAY","PosOringCover","2020-09-23T02:15:56.000Z","ValveSubModel","SZC","BODYDESIGN","MCDPHM","PosSpacer","","","","","","","","","","","","","","","","","=","=","=","=","=","","","","","","","","","","","","","","","",""
"","0050v000003a4XQAAY","2020-09-23T02:15:56.000Z","USD","a880v0000000H0mAAE","false","535","","0050v000003a4XQAAY","2020-09-23T02:15:56.000Z","","","a5J8A000000U04H","VacSetPresOSIG","VacSetPresOSIG","<",">=","0050v000003a4XQAAY","Vac16Seal","2020-09-23T02:15:56.000Z","ValveSubModel","SZC","GPTYPE","MCDPHM","","","","","","","","","","","","","","","","","","=","=","=","=","","","","","","","","","","","","","","","","",""
"","0050v000003a4XQAAY","2020-09-23T02:15:56.000Z","USD","a880v0000000H0nAAE","false","211","","0050v000003a4XQAAY","2020-09-23T02:15:56.000Z","","","a5J8A000000U03T","","","","","0050v000003a4XQAAY","VacSpacer","2020-09-23T02:15:56.000Z","ValveSubModel","SZC","","BODYDESIGN","MCBODY","","NACE","VacSpacer","","","","","","","","","","","","","","=","=","","=","=","","=","=","","","","","","","","","","","","",""
"","0050v000003a4XQAAY","2020-09-23T02:15:56.000Z","USD","a880v0000000H0oAAE","false","355","","0050v000003a4XQAAY","2020-09-23T02:15:56.000Z","","","a5J8A000000U03r","","","","","0050v000003a4XQAAY","VacHW","2020-09-23T02:15:56.000Z","ValveSubModel","SZC","BodyDesign","MCFAST","VENDORPAINT","NACE","VacSpacer","","","","","","","","","","","","","","","=","=","=","=","=","=","=","","","","","","","","","","","","","",""
"","0050v000003a4XQAAY","2020-09-23T02:15:56.000Z","USD","a880v0000000H0pAAE","false","395","","0050v000003a4XQAAY","2020-09-23T02:15:56.000Z","","","a5J8A000000U03v","VacSetPresOSIG","VacSetPresOSIG","<",">=","0050v000003a4XQAAY","VacERVSpringHW","2020-09-23T02:15:56.000Z","ValveSubModel","SZC","MCBODY","MCSPRG","NACE","","","","","","","","","BRINHARDEXAM","","IGCEXAM","","","","","","=","=","=","=","=","","","","","","","","","=","","=","","","","",""
"","0050v000003a4XQAAY","2020-09-23T02:15:56.000Z","USD","a880v0000000H0qAAE","false","475","","0050v000003a4XQAAY","2020-09-23T02:15:56.000Z","","","a5J8A000000U048","VacSetPresOSIG","VacSetPresOSIG","<",">=","0050v000003a4XQAAY","VacActuatorSupportPlate","2020-09-23T02:15:56.000Z","ValveSubModel","SZC","MCVPAL","NACE","","","","","","","","","","","","","","","","","","=","=","=","=","","","","","","","","","","","","","","","","",""
"","0050v000003a4XQAAY","2020-09-23T02:15:56.000Z","USD","a880v0000000H0rAAE","false","670","","0050v000003a4XQAAY","2020-09-23T02:15:56.000Z","","","a5J8A000000U5D3","","","","","0050v000003a4XQAAY","BushingModuleOutletA","2020-09-23T02:15:56.000Z","GOUTOP","","","","","","","","","","","","","","","","","","","","","=","","","","","","","","","","","","","","","","","","","",""
"","0050v000003a4XQAAY","2020-09-23T02:15:56.000Z","USD","a880v0000000H0sAAE","false","510","","0050v000003a4XQAAY","2020-09-23T02:15:56.000Z","","","a5J8A000000U04D","","","","","0050v000003a4XQAAY","POVSoftGoods","2020-09-23T02:15:56.000Z","ValveSubModel","BODYDESIGN","MCPSGD","","","","","","","","","","","","","","","","","","","=","=","=","","","","","","","","","","","","","","","","","",""
"","0050v000003a4XQAAY","2020-09-23T02:15:56.000Z","USD","a880v0000000H0tAAE","false","610","","0050v000003a4XQAAY","2020-09-23T02:15:56.000Z","","","a5J8A000000U04P","","","","","0050v000003a4XQAAY","PosProximitySensor","2020-09-23T02:15:56.000Z","ValveSubModel","","","","","","","","","","","","","","","","","","","","","=","","","","","","","","","","","","","","","","","","","",""
"","0050v000003a4XQAAY","2020-09-23T02:15:56.000Z","USD","a880v0000000H0uAAE","false","440","","0050v000003a4XQAAY","2020-09-23T02:15:56.000Z","","","a5J8A000000U041","","","","","0050v000003a4XQAAY","PosERVPallet","2020-09-23T02:15:56.000Z","ValveSubModel","SZC","MCBODY","MCPALL","NACE","PosPalletDesign","","","","","","USONICEXAM","","BRINHARDEXAM","","IGCEXAM","LDP","","","","","=","=","=","=","=","=","","","","","","=","","=","","=","=","","","",""
"","0050v000003a4XQAAY","2020-09-23T02:15:56.000Z","USD","a880v0000000H0vAAE","false","555","","0050v000003a4XQAAY","2020-09-23T02:15:56.000Z","","","a5J8A000000U04L","","","","","0050v000003a4XQAAY","VacPOVSpindleSoftGoods","2020-09-23T02:15:56.000Z","ValveSubModel","SZC","BODYDESIGN","MCPSGD","","","","","","","","","","","","","","","","","","=","=","=","=","","","","","","","","","","","","","","","","",""
"","0050v000003a4XQAAY","2020-09-23T02:15:56.000Z","USD","a880v0000000H0wAAE","false","285","","0050v000003a4XQAAY","2020-09-23T02:15:56.000Z","","","a5J8A000000U03g","","","","","0050v000003a4XQAAY","VacChamberGasket","2020-09-23T02:15:56.000Z","ValveSubModel","SZC","","","","","","","","","","","","","","","","","","","","=","=","","","","","","","","","","","","","","","","","","",""
"","0050v000003a4XQAAY","2020-09-23T02:15:56.000Z","USD","a880v0000000H0xAAE","false","135","","0050v000003a4XQAAY","2020-09-23T02:15:56.000Z","","","a5J8A000000U03H","","","","","0050v000003a4XQAAY","VacSpringChamber","2020-09-23T02:15:56.000Z","ValveSubModel","SZC","","BODYDESIGN","MCBODY","","NACE","","","","","USONICEXAM","MAGPARTEXAM","BRINHARDEXAM","CHARPYIMPEXAM","IGCEXAM","LDP","XRAY","","","","=","=","","=","=","","=","","","","","=","=","=","=","=","=","=","","",""
"","0050v000003a4XQAAY","2020-09-23T02:15:56.000Z","USD","a880v0000000H0yAAE","false","455","","0050v000003a4XQAAY","2020-09-23T02:15:56.000Z","","","a5J8A000000U044","VacSetPresOSIG","VacSetPresOSIG","<",">=","0050v000003a4XQAAY","VacActuatorDiaphragm","2020-09-23T02:15:56.000Z","ValveSubModel","SZC","","","","","","","","","","","","","","","","","","","","=","=","","","","","","","","","","","","","","","","","","",""
"","0050v000003a4XQAAY","2020-09-23T02:15:56.000Z","USD","a880v0000000H0zAAE","false","490","","0050v000003a4XQAAY","2020-09-23T02:15:56.000Z","","","a5J8A000000U04A","","","","","0050v000003a4XQAAY","PosPOVPallet","2020-09-23T02:15:56.000Z","ValveSubModel","SZC","MCPALL","NACE","PosPalletDesign","LDP","","","","","","USONICEXAM","","BRINHARDEXAM","CHARPYIMPEXAM","IGCEXAM","","","","","","=","=","=","=","=","=","","","","","","=","","=","=","=","","","","",""
"","0050v000003a4XQAAY","2020-09-23T02:15:56.000Z","USD","a880v0000000H10AAE","false","420","","0050v000003a4XQAAY","2020-09-23T02:15:56.000Z","","","a5J8A000000U03y","PosSetPresOSIG","PosSetPresOSIG","<",">=","0050v000003a4XQAAY","ERVWeightPlate","2020-09-23T02:15:56.000Z","ValveSubModel","SZC","MCWGHT","NACE","","","","","","","","","","","","","","","","","","=","=","=","=","","","","","","","","","","","","","","","","",""
"","0050v000003a4XQAAY","2020-09-23T02:15:56.000Z","USD","a880v0000000H11AAE","false","710","","0050v000003a4XQAAY","2020-09-23T02:15:56.000Z","","","a5J8A000000U5D7","","","","","0050v000003a4XQAAY","CouplingModuleOutletA","2020-09-23T02:15:56.000Z","GOUTOP","","","","","","","","","","","","","","","","","","","","","=","","","","","","","","","","","","","","","","","","","",""
"","0050v000003a4XQAAY","2020-09-23T02:15:56.000Z","USD","a880v0000000H12AAE","false","160","","0050v000003a4XQAAY","2020-09-23T02:15:56.000Z","","","a5J8A000000U03L","","","","","0050v000003a4XQAAY","BodyOring","2020-09-23T02:15:56.000Z","ValveSubModel","SZC","BODYDESIGN","MCDPHM","","","","","","","","","","","","","","","","","","=","=","=","=","","","","","","","","","","","","","","","","",""
"","0050v000003a4XQAAY","2020-09-23T02:15:56.000Z","USD","a880v0000000H13AAE","false","235","","0050v000003a4XQAAY","2020-09-23T02:15:56.000Z","","","a5J8A000000U03X","","","","","0050v000003a4XQAAY","VacSpringPallet","2020-09-23T02:15:56.000Z","ValveSubModel","SZC","BODYDESIGN","MCBODY","NACE","LDP","","","","","","","","","","","","","","","","=","=","=","=","=","=","","","","","","","","","","","","","","",""
"","0050v000003a4XQAAY","2020-09-23T02:15:56.000Z","USD","a880v0000000H14AAE","false","261","","0050v000003a4XQAAY","2020-09-23T02:15:56.000Z","","","a5J8A000000U03c","VacSetPresOSIG","VacSetPresOSIG","<",">=","0050v000003a4XQAAY","VacDiaphragmBackup","2020-09-23T02:15:56.000Z","ValveSubModel","SZC","MCDPHM","","","","","","","","","","","","","","","","","","","=","=","=","","","","","","","","","","","","","","","","","",""
"","0050v000003a4XQAAY","2020-09-23T02:15:56.000Z","USD","a880v0000000H15AAE","false","330","","0050v000003a4XQAAY","2020-09-23T02:15:56.000Z","","","a5J8A000000U03o","","","","","0050v000003a4XQAAY","HWInlet","2020-09-23T02:15:56.000Z","ValveSubModel","SZC","BODYDESIGN","MCFAST","VENDORPAINT","NACE","","","","","","","","","","","","","","","","=","=","=","=","=","=","","","","","","","","","","","","","","",""
"","0050v000003a4XQAAY","2020-09-23T02:15:56.000Z","USD","a880v0000000H16AAE","false","185","","0050v000003a4XQAAY","2020-09-23T02:15:56.000Z","","","a5J8A000000U03P","","","","","0050v000003a4XQAAY","VacOringPallet","2020-09-23T02:15:56.000Z","ValveSubModel","SZC","MCDPHM","VacPalletDesign","","","","","","","","","","","","","","","","","","=","=","=","=","","","","","","","","","","","","","","","","",""
"","0050v000003a4XQAAY","2020-09-23T02:15:56.000Z","USD","a880v0000000H17AAE","false","305","","0050v000003a4XQAAY","2020-09-23T02:15:56.000Z","","","a5J8A000000U03k","","","","","0050v000003a4XQAAY","DrillAdapterOutlet","2020-09-23T02:15:56.000Z","ValveSubModel","SZC","HCLASS","MCBODY","","NACE","","","","","","","","","","","","","","","","=","=","=","=","","=","","","","","","","","","","","","","","",""
"","0050v000003a4XQAAY","2020-09-23T02:15:56.000Z","USD","a880v0000000H18AAE","false","210","","0050v000003a4XQAAY","2020-09-23T02:15:56.000Z","","","a5J8A000000U03S","","","","","0050v000003a4XQAAY","PosSpacer","2020-09-23T02:15:56.000Z","ValveSubModel","SZC","","BODYDESIGN","MCBODY","","NACE","PosSpacer","","","","","","","","","","","","","","=","=","","=","=","","=","=","","","","","","","","","","","","",""
"","0050v000003a4XQAAY","2020-09-23T02:15:56.000Z","USD","a880v0000000H19AAE","false","350","","0050v000003a4XQAAY","2020-09-23T02:15:56.000Z","","","a5J8A000000U03q","","","","","0050v000003a4XQAAY","PosHW","2020-09-23T02:15:56.000Z","ValveSubModel","SZC","BodyDesign","MCFAST","VENDORPAINT","NACE","PosSpacer","","","","","","","","","","","","","","","=","=","=","=","=","=","=","","","","","","","","","","","","","",""
"","0050v000003a4XQAAY","2020-09-23T02:15:56.000Z","USD","a880v0000000H1AAAU","false","530","","0050v000003a4XQAAY","2020-09-23T02:15:56.000Z","","","a5J8A000000U04G","PosSetPresOSIG","PosSetPresOSIG","<",">=","0050v000003a4XQAAY","Pos16Seal","2020-09-23T02:15:56.000Z","ValveSubModel","SZC","GPTYPE","MCDPHM","","","","","","","","","","","","","","","","","","=","=","=","=","","","","","","","","","","","","","","","","",""
"","0050v000003a4XQAAY","2020-09-23T02:15:56.000Z","USD","a880v0000000H1BAAU","false","640","","0050v000003a4XQAAY","2020-09-23T02:15:56.000Z","","","a5J8A000000U5D0","","","","","0050v000003a4XQAAY","BaseInlet","2020-09-23T02:15:56.000Z","FASubModel","SZC","HCLASS","MCBODY","","","","","","","","","","","","","","","","","","=","=","=","=","","","","","","","","","","","","","","","","",""
"","0050v000003a4XQAAY","2020-09-23T02:15:56.000Z","USD","a880v0000000H1CAAU","false","390","","0050v000003a4XQAAY","2020-09-23T02:15:56.000Z","","","a5J8A000000U03u","PosSetPresOSIG","PosSetPresOSIG","<",">=","0050v000003a4XQAAY","PosERVSpringHW","2020-09-23T02:15:56.000Z","ValveSubModel","SZC","MCBODY","MCSPRG","NACE","","","","","","","","","BRINHARDEXAM","","IGCEXAM","","","","","","=","=","=","=","=","","","","","","","","","=","","=","","","","",""
"","0050v000003a4XQAAY","2020-09-23T02:15:56.000Z","USD","a880v0000000H1DAAU","false","500","","0050v000003a4XQAAY","2020-09-23T02:15:56.000Z","","","a5J8A000000U04C","","","","","0050v000003a4XQAAY","POVPilot","2020-09-23T02:15:56.000Z","ValveSubModel","BODYDESIGN","NACE","","","","","","","","","","","","CHARPYIMPEXAM","IGCEXAM","LDP","","","","","=","=","=","","","","","","","","","","","","=","=","=","","","",""
"","0050v000003a4XQAAY","2020-09-23T02:15:56.000Z","USD","a880v0000000H1EAAU","false","480","","0050v000003a4XQAAY","2020-09-23T02:15:56.000Z","","","a5J8A000000U04O","","","","","0050v000003a4XQAAY","FlameArresterPN","2020-09-23T02:15:56.000Z","FASubModel","SZC","HCLASS","MCBODY","GPAINT","MCELMT","GOUTOP","ATEX","NACE","USONICEXAM","MAGPARTEXAM","BRINHARDEXAM","CHARPYIMPEXAM","IGCEXAM","LDP","XRAY","MatlSource","","","","","=","=","=","=","=","=","=","=","=","=","=","=","=","","","","","","","",""
"","0050v000003a4XQAAY","2020-09-23T02:15:56.000Z","USD","a880v0000000H1FAAU","false","470","","0050v000003a4XQAAY","2020-09-23T02:15:56.000Z","","","a5J8A000000U047","PosSetPresOSIG","PosSetPresOSIG","<",">=","0050v000003a4XQAAY","PosActuatorSupportPlate","2020-09-23T02:15:56.000Z","ValveSubModel","SZC","MCPALL","NACE","","","","","","","","","","","","","","","","","","=","=","=","=","","","","","","","","","","","","","","","","",""
"","0050v000003a4XQAAY","2020-09-23T02:15:56.000Z","USD","a880v0000000H1GAAU","false","435","","0050v000003a4XQAAY","2020-09-23T02:15:56.000Z","","","a5J8A000000U040","PosSetPresOSIG","PosSetPresOSIG","<",">=","0050v000003a4XQAAY","ERVCBalWtTop","2020-09-23T02:15:56.000Z","PosPalletDesign","PTC","SZC","MCWGHT","","","","","","","","","","","","","","","","","","=","=","=","=","","","","","","","","","","","","","","","","",""
"","0050v000003a4XQAAY","2020-09-23T02:15:56.000Z","USD","a880v0000000H1HAAU","false","550","","0050v000003a4XQAAY","2020-09-23T02:15:56.000Z","","","a5J8A000000U04K","","","","","0050v000003a4XQAAY","PosPOVSpindleSoftGoods","2020-09-23T02:15:56.000Z","ValveSubModel","SZC","BODYDESIGN","MCPSGD","","","","","","","","","","","","","","","","","","=","=","=","=","","","","","","","","","","","","","","","","",""
"","0050v000003a4XQAAY","2020-09-23T02:15:56.000Z","USD","a880v0000000H1IAAU","false","130","","0050v000003a4XQAAY","2020-09-23T02:15:56.000Z","","","a5J8A000000U03G","","","","","0050v000003a4XQAAY","PosSpringChamber","2020-09-23T02:15:56.000Z","ValveSubModel","SZC","","BODYDESIGN","MCBODY","","NACE","","","","","USONICEXAM","MAGPARTEXAM","BRINHARDEXAM","CHARPYIMPEXAM","IGCEXAM","LDP","XRAY","","","","=","=","","=","=","","=","","","","","=","=","=","=","=","=","=","","",""
"","0050v000003a4XQAAY","2020-09-23T02:15:56.000Z","USD","a880v0000000H1JAAU","false","450","","0050v000003a4XQAAY","2020-09-23T02:15:56.000Z","","","a5J8A000000U043","PosSetPresOSIG","PosSetPresOSIG","<",">=","0050v000003a4XQAAY","PosActuatorDiaphragm","2020-09-23T02:15:56.000Z","ValveSubModel","SZC","","","","","","","","","","","","","","","","","","","","=","=","","","","","","","","","","","","","","","","","","",""
"","0050v000003a4XQAAY","2020-09-23T02:15:56.000Z","USD","a880v0000000H1KAAU","false","280","","0050v000003a4XQAAY","2020-09-23T02:15:56.000Z","","","a5J8A000000U03f","","","","","0050v000003a4XQAAY","PosChamberGasket","2020-09-23T02:15:56.000Z","ValveSubModel","SZC","","","","","","","","","","","","","","","","","","","","=","=","","","","","","","","","","","","","","","","","","",""
"","0050v000003a4XQAAY","2020-09-23T02:15:56.000Z","USD","a880v0000000H1LAAU","false","720","","0050v000003a4XQAAY","2020-09-23T02:15:56.000Z","","","a5J8A000000U5D8","","","","","0050v000003a4XQAAY","ConnectHeadModuleOutletA","2020-09-23T02:15:56.000Z","GOUTOP","","","","","","","","","","","","","","","","","","","","","=","","","","","","","","","","","","","","","","","","","",""
"","0050v000003a4XQAAY","2020-09-23T02:15:56.000Z","USD","a880v0000000H1MAAU","false","430","","0050v000003a4XQAAY","2020-09-23T02:15:56.000Z","","","a5J8A000000U03z","PosSetPresOSIG","PosSetPresOSIG","<",">=","0050v000003a4XQAAY","ERVCBalWtBottom","2020-09-23T02:15:56.000Z","PosPalletDesign","PTC","SZC","MCWGHT","","","","","","","","","","","","","","","","","","=","=","=","=","","","","","","","","","","","","","","","","",""
"","0050v000003a4XQAAY","2020-09-23T02:15:56.000Z","USD","a880v0000000H1NAAU","false","230","","0050v000003a4XQAAY","2020-09-23T02:15:56.000Z","","","a5J8A000000U03W","","","","","0050v000003a4XQAAY","PosSpringPallet","2020-09-23T02:15:56.000Z","ValveSubModel","SZC","BODYDESIGN","MCBODY","NACE","LDP","","","","","","","","","","","","","","","","=","=","=","=","=","=","","","","","","","","","","","","","","",""
"","0050v000003a4XQAAY","2020-09-23T02:15:56.000Z","USD","a880v0000000H1OAAU","false","260","","0050v000003a4XQAAY","2020-09-23T02:15:56.000Z","","","a5J8A000000U03b","PosSetPresOSIG","PosSetPresOSIG","<",">=","0050v000003a4XQAAY","PosDiaphragmBackup","2020-09-23T02:15:56.000Z","ValveSubModel","SZC","MCDPHM","","","","","","","","","","","","","","","","","","","=","=","=","","","","","","","","","","","","","","","","","",""
"","0050v000003a4XQAAY","2020-09-23T02:15:56.000Z","USD","a880v0000000H1PAAU","false","320","","0050v000003a4XQAAY","2020-09-23T02:15:56.000Z","","","a5J8A000000U03n","","","","","0050v000003a4XQAAY","PresPortHWCover","2020-09-23T02:15:56.000Z","ValveSubModel","SZC","BODYDESIGN","MCFAST","VENDORPAINT","NACE","","","","","","","","","","","","","","","","=","=","=","=","=","=","","","","","","","","","","","","","","",""
"","0050v000003a4XQAAY","2020-09-23T02:15:56.000Z","USD","a880v0000000H1QAAU","false","180","","0050v000003a4XQAAY","2020-09-23T02:15:56.000Z","","","a5J8A000000U03O","","","","","0050v000003a4XQAAY","PosOringPallet","2020-09-23T02:15:56.000Z","ValveSubModel","SZC","MCDPHM","PosPalletDesign","","","","","","","","","","","","","","","","","","=","=","=","=","","","","","","","","","","","","","","","","",""
"","0050v000003a4XQAAY","2020-09-23T02:15:56.000Z","USD","a880v0000000H1RAAU","false","155","","0050v000003a4XQAAY","2020-09-23T02:15:56.000Z","","","a5J8A000000U03K","","","","","0050v000003a4XQAAY","VacCover","2020-09-23T02:15:56.000Z","ValveSubModel","SZC","","BODYDESIGN","MCBODY","GPFACE","NACE","","","","","USONICEXAM","MAGPARTEXAM","BRINHARDEXAM","CHARPYIMPEXAM","IGCEXAM","LDP","XRAY","","","","=","=","","=","=","=","=","","","","","=","=","=","=","=","=","=","","",""
"","0050v000003a4XQAAY","2020-09-23T02:15:56.000Z","USD","a880v0000000H1SAAU","false","301","","0050v000003a4XQAAY","2020-09-23T02:15:56.000Z","","","a5J8A000000U03j","","","","","0050v000003a4XQAAY","DrillAdapterInletHW","2020-09-23T02:15:56.000Z","ValveSubModel","SZC","HCLASS","MCBODY","NACE","","","","","","","","","","","","","","","","","=","=","=","=","=","","","","","","","","","","","","","","","",""
"","0050v000003a4XQAAY","2020-09-23T02:15:56.000Z","USD","a880v0000000H06AAE","false","200","","0050v000003a4XQAAY","2020-09-23T02:15:56.000Z","","","a5J8A000000U03R","","","","","0050v000003a4XQAAY","OutletPlug","2020-09-23T02:15:56.000Z","ValveSubModel","MCBODY","NACE","","","","","","","","","","","","","","","","","","","=","=","=","","","","","","","","","","","","","","","","","",""
"","0050v000003a4XQAAY","2020-09-23T02:15:56.000Z","USD","a880v0000000H07AAE","false","370","","0050v000003a4XQAAY","2020-09-23T02:15:56.000Z","","","a5J8A000000U03t","PosSetPresOSIG","PosSetPresOSIG","<",">=","0050v000003a4XQAAY","ERVEyeNut","2020-09-23T02:15:56.000Z","ValveSubModel","SZC","","","","","","","","","","","","","","","","","","","","=","=","","","","","","","","","","","","","","","","","","",""
"","0050v000003a4XQAAY","2020-09-23T02:15:56.000Z","USD","a880v0000000H08AAE","false","630","","0050v000003a4XQAAY","2020-09-23T02:15:56.000Z","","","a5J8A000000U5Cz","","","","","0050v000003a4XQAAY","BaseOutlet","2020-09-23T02:15:56.000Z","FASubModel","SZC","HCLASS","MCBODY","GOUTOP","","","","","","","","","","","","","","","","","=","=","=","=","=","","","","","","","","","","","","","","","",""
